Date,Open,High,Low,Close,Volume
10-Apr-16,-,-,-,0.56,-
9-Apr-16,-,-,-,0.59,-
8-Apr-16,-,-,-,0.59,-
7-Apr-16,-,-,-,0.59,-
6-Apr-16,-,-,-,0.59,-
5-Apr-16,-,-,-,0.59,-
4-Apr-16,-,-,-,0.60,-
3-Apr-16,-,-,-,0.60,-
2-Apr-16,-,-,-,0.59,-
1-Apr-16,-,-,-,0.59,-
31-Mar-16,-,-,-,0.60,-
30-Mar-16,-,-,-,0.60,-
29-Mar-16,-,-,-,0.59,-
28-Mar-16,-,-,-,0.59,-
27-Mar-16,-,-,-,0.59,-
26-Mar-16,-,-,-,0.60,-
25-Mar-16,-,-,-,0.60,-
24-Mar-16,-,-,-,0.59,-
23-Mar-16,-,-,-,0.59,-
22-Mar-16,-,-,-,0.59,-
21-Mar-16,-,-,-,0.59,-
20-Mar-16,-,-,-,0.59,-
19-Mar-16,-,-,-,0.59,-
18-Mar-16,-,-,-,0.58,-
17-Mar-16,-,-,-,0.58,-
16-Mar-16,-,-,-,0.58,-
15-Mar-16,-,-,-,0.58,-
14-Mar-16,-,-,-,0.58,-
13-Mar-16,-,-,-,0.59,-
12-Mar-16,-,-,-,0.59,-
11-Mar-16,-,-,-,0.59,-
10-Mar-16,-,-,-,0.59,-
9-Mar-16,-,-,-,0.59,-
8-Mar-16,-,-,-,0.59,-
7-Mar-16,-,-,-,0.59,-
6-Mar-16,-,-,-,0.58,-
5-Mar-16,-,-,-,0.59,-
4-Mar-16,-,-,-,0.59,-
3-Mar-16,-,-,-,0.59,-
2-Mar-16,-,-,-,0.59,-
1-Mar-16,-,-,-,0.59,-
29-Feb-16,-,-,-,0.60,-
28-Feb-16,-,-,-,0.60,-
27-Feb-16,-,-,-,0.61,-
26-Feb-16,-,-,-,0.60,-
25-Feb-16,-,-,-,0.61,-
24-Feb-16,-,-,-,0.61,-
23-Feb-16,-,-,-,0.61,-
22-Feb-16,-,-,-,0.61,-
21-Feb-16,-,-,-,0.62,-
20-Feb-16,-,-,-,0.62,-
19-Feb-16,-,-,-,0.62,-
18-Feb-16,-,-,-,0.62,-
17-Feb-16,-,-,-,0.62,-
16-Feb-16,-,-,-,0.61,-
15-Feb-16,-,-,-,0.62,-
14-Feb-16,-,-,-,0.60,-
13-Feb-16,-,-,-,0.60,-
12-Feb-16,-,-,-,0.61,-
11-Feb-16,-,-,-,0.61,-
10-Feb-16,-,-,-,0.61,-
9-Feb-16,-,-,-,0.61,-
8-Feb-16,-,-,-,0.61,-
7-Feb-16,-,-,-,0.61,-
6-Feb-16,-,-,-,0.62,-
5-Feb-16,-,-,-,0.62,-
4-Feb-16,-,-,-,0.63,-
3-Feb-16,-,-,-,0.63,-
2-Feb-16,-,-,-,0.63,-
1-Feb-16,-,-,-,0.64,-
31-Jan-16,-,-,-,0.65,-
30-Jan-16,-,-,-,0.65,-
29-Jan-16,-,-,-,0.65,-
28-Jan-16,-,-,-,0.66,-
27-Jan-16,-,-,-,0.66,-
26-Jan-16,-,-,-,0.66,-
25-Jan-16,-,-,-,0.66,-
24-Jan-16,-,-,-,0.67,-
23-Jan-16,-,-,-,0.66,-
22-Jan-16,-,-,-,0.66,-
21-Jan-16,-,-,-,0.65,-
20-Jan-16,-,-,-,0.65,-
19-Jan-16,-,-,-,0.65,-
18-Jan-16,-,-,-,0.64,-
17-Jan-16,-,-,-,0.63,-
16-Jan-16,-,-,-,0.63,-
15-Jan-16,-,-,-,0.64,-
14-Jan-16,-,-,-,0.64,-
13-Jan-16,-,-,-,0.65,-
12-Jan-16,-,-,-,0.66,-
11-Jan-16,-,-,-,0.67,-
10-Jan-16,-,-,-,0.68,-
9-Jan-16,-,-,-,0.69,-
8-Jan-16,-,-,-,0.69,-
7-Jan-16,-,-,-,0.70,-
6-Jan-16,-,-,-,0.72,-
5-Jan-16,-,-,-,0.73,-
4-Jan-16,-,-,-,0.74,-
3-Jan-16,-,-,-,0.76,-
2-Jan-16,-,-,-,0.76,-
1-Jan-16,-,-,-,0.77,-
31-Dec-15,-,-,-,0.78,-
30-Dec-15,-,-,-,0.78,-
29-Dec-15,-,-,-,0.77,-
28-Dec-15,-,-,-,0.77,-
27-Dec-15,-,-,-,0.76,-
26-Dec-15,-,-,-,0.76,-
25-Dec-15,-,-,-,0.75,-
24-Dec-15,-,-,-,0.73,-
23-Dec-15,-,-,-,0.73,-
22-Dec-15,-,-,-,0.72,-
21-Dec-15,-,-,-,0.72,-
20-Dec-15,-,-,-,0.71,-
19-Dec-15,-,-,-,0.71,-
18-Dec-15,-,-,-,0.70,-
17-Dec-15,-,-,-,0.70,-
16-Dec-15,-,-,-,0.70,-
15-Dec-15,-,-,-,0.69,-
14-Dec-15,-,-,-,0.69,-
13-Dec-15,-,-,-,0.70,-
12-Dec-15,-,-,-,0.70,-
11-Dec-15,-,-,-,0.70,-
10-Dec-15,-,-,-,0.70,-
9-Dec-15,-,-,-,0.70,-
8-Dec-15,-,-,-,0.70,-
7-Dec-15,-,-,-,0.71,-
6-Dec-15,-,-,-,0.73,-
5-Dec-15,-,-,-,0.75,-
4-Dec-15,-,-,-,0.78,-
3-Dec-15,-,-,-,0.84,-
2-Dec-15,-,-,-,0.89,-
1-Dec-15,-,-,-,0.92,-
30-Nov-15,-,-,-,0.93,-
29-Nov-15,-,-,-,0.93,-
28-Nov-15,-,-,-,0.93,-
27-Nov-15,-,-,-,0.92,-
26-Nov-15,-,-,-,0.86,-
25-Nov-15,-,-,-,0.81,-
24-Nov-15,-,-,-,0.78,-
23-Nov-15,-,-,-,0.76,-
22-Nov-15,-,-,-,0.74,-
21-Nov-15,-,-,-,0.72,-
20-Nov-15,-,-,-,0.70,-
19-Nov-15,-,-,-,0.69,-
18-Nov-15,-,-,-,0.69,-
17-Nov-15,-,-,-,0.68,-
16-Nov-15,-,-,-,0.68,-
15-Nov-15,-,-,-,0.68,-
14-Nov-15,-,-,-,0.68,-
13-Nov-15,-,-,-,0.68,-
12-Nov-15,-,-,-,0.68,-
11-Nov-15,-,-,-,0.67,-
10-Nov-15,-,-,-,0.67,-
9-Nov-15,-,-,-,0.66,-
8-Nov-15,-,-,-,0.65,-
7-Nov-15,-,-,-,0.63,-
6-Nov-15,-,-,-,0.62,-
5-Nov-15,-,-,-,0.61,-
4-Nov-15,-,-,-,0.61,-
3-Nov-15,-,-,-,0.60,-
2-Nov-15,-,-,-,0.60,-
1-Nov-15,-,-,-,0.60,-
31-Oct-15,-,-,-,0.59,-
30-Oct-15,-,-,-,0.59,-
29-Oct-15,-,-,-,0.59,-
28-Oct-15,-,-,-,0.59,-
27-Oct-15,-,-,-,0.59,-
26-Oct-15,-,-,-,0.59,-
25-Oct-15,-,-,-,0.59,-
24-Oct-15,-,-,-,0.59,-
23-Oct-15,-,-,-,0.59,-
22-Oct-15,-,-,-,0.59,-
21-Oct-15,-,-,-,0.60,-
20-Oct-15,-,-,-,0.60,-
19-Oct-15,-,-,-,0.60,-
18-Oct-15,-,-,-,0.60,-
17-Oct-15,-,-,-,0.60,-
16-Oct-15,-,-,-,0.60,-
15-Oct-15,-,-,-,0.60,-
14-Oct-15,-,-,-,0.59,-
13-Oct-15,-,-,-,0.59,-
12-Oct-15,-,-,-,0.59,-
11-Oct-15,-,-,-,0.59,-
10-Oct-15,-,-,-,0.59,-
9-Oct-15,-,-,-,0.59,-
8-Oct-15,-,-,-,0.59,-
7-Oct-15,-,-,-,0.59,-
6-Oct-15,-,-,-,0.59,-
5-Oct-15,-,-,-,0.60,-
4-Oct-15,-,-,-,0.59,-
3-Oct-15,-,-,-,0.59,-
2-Oct-15,-,-,-,0.58,-
1-Oct-15,-,-,-,0.58,-
30-Sep-15,-,-,-,0.58,-
29-Sep-15,-,-,-,0.58,-
28-Sep-15,-,-,-,0.58,-
27-Sep-15,-,-,-,0.58,-
26-Sep-15,-,-,-,0.58,-
25-Sep-15,-,-,-,0.58,-
24-Sep-15,-,-,-,0.58,-
23-Sep-15,-,-,-,0.58,-
22-Sep-15,-,-,-,0.58,-
21-Sep-15,-,-,-,0.58,-
20-Sep-15,-,-,-,0.58,-
19-Sep-15,-,-,-,0.58,-
18-Sep-15,-,-,-,0.58,-
17-Sep-15,-,-,-,0.58,-
16-Sep-15,-,-,-,0.58,-
15-Sep-15,-,-,-,0.59,-
14-Sep-15,-,-,-,0.60,-
13-Sep-15,-,-,-,0.62,-
12-Sep-15,-,-,-,0.63,-
11-Sep-15,-,-,-,0.63,-
10-Sep-15,-,-,-,0.63,-
9-Sep-15,-,-,-,0.63,-
8-Sep-15,-,-,-,0.64,-
7-Sep-15,-,-,-,0.64,-
6-Sep-15,-,-,-,0.62,-
5-Sep-15,-,-,-,0.62,-
4-Sep-15,-,-,-,0.62,-
3-Sep-15,-,-,-,0.62,-
2-Sep-15,-,-,-,0.62,-
1-Sep-15,-,-,-,0.61,-
31-Aug-15,-,-,-,0.62,-
30-Aug-15,-,-,-,0.62,-
29-Aug-15,-,-,-,0.62,-
28-Aug-15,-,-,-,0.62,-
27-Aug-15,-,-,-,0.62,-
26-Aug-15,-,-,-,0.62,-
25-Aug-15,-,-,-,0.62,-
24-Aug-15,-,-,-,0.63,-
23-Aug-15,-,-,-,0.63,-
22-Aug-15,-,-,-,0.63,-
21-Aug-15,-,-,-,0.63,-
20-Aug-15,-,-,-,0.63,-
19-Aug-15,-,-,-,0.64,-
18-Aug-15,-,-,-,0.64,-
17-Aug-15,-,-,-,0.64,-
16-Aug-15,-,-,-,0.64,-
15-Aug-15,-,-,-,0.64,-
14-Aug-15,-,-,-,0.64,-
13-Aug-15,-,-,-,0.64,-
12-Aug-15,-,-,-,0.64,-
11-Aug-15,-,-,-,0.63,-
10-Aug-15,-,-,-,0.63,-
9-Aug-15,-,-,-,0.63,-
8-Aug-15,-,-,-,0.63,-
7-Aug-15,-,-,-,0.63,-
6-Aug-15,-,-,-,0.63,-
5-Aug-15,-,-,-,0.63,-
4-Aug-15,-,-,-,0.63,-
3-Aug-15,-,-,-,0.63,-
2-Aug-15,-,-,-,0.63,-
1-Aug-15,-,-,-,0.64,-
31-Jul-15,-,-,-,0.63,-
30-Jul-15,-,-,-,0.64,-
29-Jul-15,-,-,-,0.64,-
28-Jul-15,-,-,-,0.64,-
27-Jul-15,-,-,-,0.64,-
26-Jul-15,-,-,-,0.64,-
25-Jul-15,-,-,-,0.63,-
24-Jul-15,-,-,-,0.64,-
23-Jul-15,-,-,-,0.64,-
22-Jul-15,-,-,-,0.64,-
21-Jul-15,-,-,-,0.65,-
20-Jul-15,-,-,-,0.65,-
19-Jul-15,-,-,-,0.65,-
18-Jul-15,-,-,-,0.65,-
17-Jul-15,-,-,-,0.65,-
16-Jul-15,-,-,-,0.65,-
15-Jul-15,-,-,-,0.64,-
14-Jul-15,-,-,-,0.64,-
13-Jul-15,-,-,-,0.64,-
12-Jul-15,-,-,-,0.64,-
11-Jul-15,-,-,-,0.64,-
10-Jul-15,-,-,-,0.64,-
9-Jul-15,-,-,-,0.65,-
8-Jul-15,-,-,-,0.65,-
7-Jul-15,-,-,-,0.65,-
6-Jul-15,-,-,-,0.65,-
5-Jul-15,-,-,-,0.65,-
4-Jul-15,-,-,-,0.65,-
3-Jul-15,-,-,-,0.65,-
2-Jul-15,-,-,-,0.64,-
1-Jul-15,-,-,-,0.64,-
30-Jun-15,-,-,-,0.64,-
29-Jun-15,-,-,-,0.64,-
28-Jun-15,-,-,-,0.63,-
27-Jun-15,-,-,-,0.63,-
26-Jun-15,-,-,-,0.62,-
25-Jun-15,-,-,-,0.62,-
24-Jun-15,-,-,-,0.61,-
23-Jun-15,-,-,-,0.61,-
22-Jun-15,-,-,-,0.60,-
21-Jun-15,-,-,-,0.60,-
20-Jun-15,-,-,-,0.61,-
19-Jun-15,-,-,-,0.61,-
18-Jun-15,-,-,-,0.61,-
17-Jun-15,-,-,-,0.61,-
16-Jun-15,-,-,-,0.61,-
15-Jun-15,-,-,-,0.61,-
14-Jun-15,-,-,-,0.61,-
13-Jun-15,-,-,-,0.61,-
12-Jun-15,-,-,-,0.60,-
11-Jun-15,-,-,-,0.60,-
10-Jun-15,-,-,-,0.60,-
9-Jun-15,-,-,-,0.60,-
8-Jun-15,-,-,-,0.59,-
7-Jun-15,-,-,-,0.59,-
6-Jun-15,-,-,-,0.59,-
5-Jun-15,-,-,-,0.60,-
4-Jun-15,-,-,-,0.60,-
3-Jun-15,-,-,-,0.60,-
2-Jun-15,-,-,-,0.60,-
1-Jun-15,-,-,-,0.60,-
31-May-15,-,-,-,0.61,-
30-May-15,-,-,-,0.61,-
29-May-15,-,-,-,0.61,-
28-May-15,-,-,-,0.61,-
27-May-15,-,-,-,0.61,-
26-May-15,-,-,-,0.61,-
25-May-15,-,-,-,0.61,-
24-May-15,-,-,-,0.59,-
23-May-15,-,-,-,0.59,-
22-May-15,-,-,-,0.58,-
21-May-15,-,-,-,0.58,-
20-May-15,-,-,-,0.58,-
19-May-15,-,-,-,0.58,-
18-May-15,-,-,-,0.58,-
17-May-15,-,-,-,0.58,-
16-May-15,-,-,-,0.58,-
15-May-15,-,-,-,0.58,-
14-May-15,-,-,-,0.58,-
13-May-15,-,-,-,0.58,-
12-May-15,-,-,-,0.58,-
11-May-15,-,-,-,0.58,-
10-May-15,-,-,-,0.57,-
9-May-15,-,-,-,0.57,-
8-May-15,-,-,-,0.56,-
7-May-15,-,-,-,0.56,-
6-May-15,-,-,-,0.55,-
5-May-15,-,-,-,0.55,-
4-May-15,-,-,-,0.55,-
3-May-15,-,-,-,0.55,-
2-May-15,-,-,-,0.56,-
1-May-15,-,-,-,0.56,-
30-Apr-15,-,-,-,0.57,-
29-Apr-15,-,-,-,0.57,-
28-Apr-15,-,-,-,0.57,-
27-Apr-15,-,-,-,0.57,-
26-Apr-15,-,-,-,0.57,-
25-Apr-15,-,-,-,0.57,-
24-Apr-15,-,-,-,0.57,-
23-Apr-15,-,-,-,0.57,-
22-Apr-15,-,-,-,0.57,-
21-Apr-15,-,-,-,0.57,-
20-Apr-15,-,-,-,0.56,-
19-Apr-15,-,-,-,0.56,-
18-Apr-15,-,-,-,0.56,-
17-Apr-15,-,-,-,0.55,-
16-Apr-15,-,-,-,0.55,-
15-Apr-15,-,-,-,0.55,-
14-Apr-15,-,-,-,0.55,-
13-Apr-15,-,-,-,0.56,-
12-Apr-15,-,-,-,0.56,-
11-Apr-15,-,-,-,0.55,-
10-Apr-15,-,-,-,0.56,-
9-Apr-15,-,-,-,0.56,-
8-Apr-15,-,-,-,0.56,-
7-Apr-15,-,-,-,0.56,-
6-Apr-15,-,-,-,0.56,-
5-Apr-15,-,-,-,0.56,-
4-Apr-15,-,-,-,0.57,-
3-Apr-15,-,-,-,0.57,-
2-Apr-15,-,-,-,0.57,-
1-Apr-15,-,-,-,0.57,-
31-Mar-15,-,-,-,0.57,-
30-Mar-15,-,-,-,0.57,-
29-Mar-15,-,-,-,0.57,-
28-Mar-15,-,-,-,0.57,-
27-Mar-15,-,-,-,0.58,-
26-Mar-15,-,-,-,0.57,-
25-Mar-15,-,-,-,0.57,-
24-Mar-15,-,-,-,0.57,-
23-Mar-15,-,-,-,0.57,-
22-Mar-15,-,-,-,0.57,-
21-Mar-15,-,-,-,0.57,-
20-Mar-15,-,-,-,0.57,-
19-Mar-15,-,-,-,0.57,-
18-Mar-15,-,-,-,0.57,-
17-Mar-15,-,-,-,0.57,-
16-Mar-15,-,-,-,0.57,-
15-Mar-15,-,-,-,0.57,-
14-Mar-15,-,-,-,0.57,-
13-Mar-15,-,-,-,0.57,-
12-Mar-15,-,-,-,0.57,-
11-Mar-15,-,-,-,0.58,-
10-Mar-15,-,-,-,0.58,-
9-Mar-15,-,-,-,0.58,-
8-Mar-15,-,-,-,0.58,-
7-Mar-15,-,-,-,0.59,-
6-Mar-15,-,-,-,0.59,-
5-Mar-15,-,-,-,0.59,-
4-Mar-15,-,-,-,0.59,-
3-Mar-15,-,-,-,0.58,-
2-Mar-15,-,-,-,0.58,-
1-Mar-15,-,-,-,0.57,-
28-Feb-15,-,-,-,0.58,-
27-Feb-15,-,-,-,0.58,-
26-Feb-15,-,-,-,0.58,-
25-Feb-15,-,-,-,0.58,-
24-Feb-15,-,-,-,0.58,-
23-Feb-15,-,-,-,0.59,-
22-Feb-15,-,-,-,0.60,-
21-Feb-15,-,-,-,0.60,-
20-Feb-15,-,-,-,0.60,-
19-Feb-15,-,-,-,0.59,-
18-Feb-15,-,-,-,0.60,-
17-Feb-15,-,-,-,0.59,-
16-Feb-15,-,-,-,0.59,-
15-Feb-15,-,-,-,0.58,-
14-Feb-15,-,-,-,0.58,-
13-Feb-15,-,-,-,0.59,-
12-Feb-15,-,-,-,0.59,-
11-Feb-15,-,-,-,0.59,-
10-Feb-15,-,-,-,0.59,-
9-Feb-15,-,-,-,0.59,-
8-Feb-15,-,-,-,0.60,-
7-Feb-15,-,-,-,0.60,-
6-Feb-15,-,-,-,0.60,-
5-Feb-15,-,-,-,0.60,-
4-Feb-15,-,-,-,0.60,-
3-Feb-15,-,-,-,0.60,-
2-Feb-15,-,-,-,0.60,-
1-Feb-15,-,-,-,0.60,-
31-Jan-15,-,-,-,0.61,-
30-Jan-15,-,-,-,0.61,-
29-Jan-15,-,-,-,0.61,-
28-Jan-15,-,-,-,0.61,-
27-Jan-15,-,-,-,0.61,-
26-Jan-15,-,-,-,0.61,-
25-Jan-15,-,-,-,0.62,-
24-Jan-15,-,-,-,0.61,-
23-Jan-15,-,-,-,0.62,-
22-Jan-15,-,-,-,0.62,-
21-Jan-15,-,-,-,0.62,-
20-Jan-15,-,-,-,0.62,-
19-Jan-15,-,-,-,0.62,-
18-Jan-15,-,-,-,0.61,-
17-Jan-15,-,-,-,0.61,-
16-Jan-15,-,-,-,0.62,-
15-Jan-15,-,-,-,0.62,-
14-Jan-15,-,-,-,0.63,-
13-Jan-15,-,-,-,0.64,-
12-Jan-15,-,-,-,0.64,-
11-Jan-15,-,-,-,0.65,-
10-Jan-15,-,-,-,0.65,-
9-Jan-15,-,-,-,0.66,-
8-Jan-15,-,-,-,0.68,-
7-Jan-15,-,-,-,0.68,-
6-Jan-15,-,-,-,0.69,-
5-Jan-15,-,-,-,0.70,-
4-Jan-15,-,-,-,0.71,-
3-Jan-15,-,-,-,0.72,-
2-Jan-15,-,-,-,0.74,-
1-Jan-15,-,-,-,0.76,-
31-Dec-14,-,-,-,0.78,-
30-Dec-14,-,-,-,0.80,-
29-Dec-14,-,-,-,0.83,-
28-Dec-14,-,-,-,0.82,-
27-Dec-14,-,-,-,0.82,-
26-Dec-14,-,-,-,0.80,-
25-Dec-14,-,-,-,0.77,-
24-Dec-14,-,-,-,0.74,-
23-Dec-14,-,-,-,0.72,-
22-Dec-14,-,-,-,0.69,-
21-Dec-14,-,-,-,0.68,-
20-Dec-14,-,-,-,0.69,-
19-Dec-14,-,-,-,0.69,-
18-Dec-14,-,-,-,0.69,-
17-Dec-14,-,-,-,0.69,-
16-Dec-14,-,-,-,0.68,-
15-Dec-14,-,-,-,0.68,-
14-Dec-14,-,-,-,0.69,-
13-Dec-14,-,-,-,0.69,-
12-Dec-14,-,-,-,0.68,-
11-Dec-14,-,-,-,0.68,-
10-Dec-14,-,-,-,0.68,-
9-Dec-14,-,-,-,0.68,-
8-Dec-14,-,-,-,0.69,-
7-Dec-14,-,-,-,0.71,-
6-Dec-14,-,-,-,0.72,-
5-Dec-14,-,-,-,0.75,-
4-Dec-14,-,-,-,0.81,-
3-Dec-14,-,-,-,0.86,-
2-Dec-14,-,-,-,0.88,-
1-Dec-14,-,-,-,0.88,-
30-Nov-14,-,-,-,0.88,-
29-Nov-14,-,-,-,0.88,-
28-Nov-14,-,-,-,0.86,-
27-Nov-14,-,-,-,0.81,-
26-Nov-14,-,-,-,0.76,-
25-Nov-14,-,-,-,0.74,-
24-Nov-14,-,-,-,0.73,-
23-Nov-14,-,-,-,0.72,-
22-Nov-14,-,-,-,0.71,-
21-Nov-14,-,-,-,0.70,-
20-Nov-14,-,-,-,0.69,-
19-Nov-14,-,-,-,0.69,-
18-Nov-14,-,-,-,0.69,-
17-Nov-14,-,-,-,0.69,-
16-Nov-14,-,-,-,0.68,-
15-Nov-14,-,-,-,0.67,-
14-Nov-14,-,-,-,0.67,-
13-Nov-14,-,-,-,0.66,-
12-Nov-14,-,-,-,0.66,-
11-Nov-14,-,-,-,0.65,-
10-Nov-14,-,-,-,0.63,-
9-Nov-14,-,-,-,0.63,-
8-Nov-14,-,-,-,0.62,-
7-Nov-14,-,-,-,0.61,-
6-Nov-14,-,-,-,0.60,-
5-Nov-14,-,-,-,0.60,-
4-Nov-14,-,-,-,0.59,-
3-Nov-14,-,-,-,0.59,-
2-Nov-14,-,-,-,0.58,-
1-Nov-14,-,-,-,0.58,-
31-Oct-14,-,-,-,0.57,-
30-Oct-14,-,-,-,0.58,-
29-Oct-14,-,-,-,0.58,-
28-Oct-14,-,-,-,0.58,-
27-Oct-14,-,-,-,0.59,-
26-Oct-14,-,-,-,0.59,-
25-Oct-14,-,-,-,0.59,-
24-Oct-14,-,-,-,0.59,-
23-Oct-14,-,-,-,0.59,-
22-Oct-14,-,-,-,0.59,-
21-Oct-14,-,-,-,0.58,-
20-Oct-14,-,-,-,0.58,-
19-Oct-14,-,-,-,0.58,-
18-Oct-14,-,-,-,0.58,-
17-Oct-14,-,-,-,0.58,-
16-Oct-14,-,-,-,0.58,-
15-Oct-14,-,-,-,0.58,-
14-Oct-14,-,-,-,0.58,-
13-Oct-14,-,-,-,0.58,-
12-Oct-14,-,-,-,0.57,-
11-Oct-14,-,-,-,0.57,-
10-Oct-14,-,-,-,0.57,-
9-Oct-14,-,-,-,0.57,-
8-Oct-14,-,-,-,0.57,-
7-Oct-14,-,-,-,0.58,-
6-Oct-14,-,-,-,0.58,-
5-Oct-14,-,-,-,0.58,-
4-Oct-14,-,-,-,0.58,-
3-Oct-14,-,-,-,0.58,-
2-Oct-14,-,-,-,0.57,-
1-Oct-14,-,-,-,0.57,-
30-Sep-14,-,-,-,0.57,-
29-Sep-14,-,-,-,0.57,-
28-Sep-14,-,-,-,0.57,-
27-Sep-14,-,-,-,0.57,-
26-Sep-14,-,-,-,0.56,-
25-Sep-14,-,-,-,0.56,-
24-Sep-14,-,-,-,0.57,-
23-Sep-14,-,-,-,0.57,-
22-Sep-14,-,-,-,0.57,-
21-Sep-14,-,-,-,0.57,-
20-Sep-14,-,-,-,0.57,-
19-Sep-14,-,-,-,0.57,-
18-Sep-14,-,-,-,0.57,-
17-Sep-14,-,-,-,0.57,-
16-Sep-14,-,-,-,0.57,-
15-Sep-14,-,-,-,0.57,-
14-Sep-14,-,-,-,0.57,-
13-Sep-14,-,-,-,0.57,-
12-Sep-14,-,-,-,0.57,-
11-Sep-14,-,-,-,0.57,-
10-Sep-14,-,-,-,0.58,-
9-Sep-14,-,-,-,0.58,-
8-Sep-14,-,-,-,0.59,-
7-Sep-14,-,-,-,0.60,-
6-Sep-14,-,-,-,0.61,-
5-Sep-14,-,-,-,0.62,-
4-Sep-14,-,-,-,0.62,-
3-Sep-14,-,-,-,0.62,-
2-Sep-14,-,-,-,0.62,-
1-Sep-14,-,-,-,0.62,-
31-Aug-14,-,-,-,0.61,-
30-Aug-14,-,-,-,0.61,-
29-Aug-14,-,-,-,0.61,-
28-Aug-14,-,-,-,0.60,-
27-Aug-14,-,-,-,0.61,-
26-Aug-14,-,-,-,0.61,-
25-Aug-14,-,-,-,0.61,-
24-Aug-14,-,-,-,0.61,-
23-Aug-14,-,-,-,0.61,-
22-Aug-14,-,-,-,0.60,-
21-Aug-14,-,-,-,0.61,-
20-Aug-14,-,-,-,0.60,-
19-Aug-14,-,-,-,0.60,-
18-Aug-14,-,-,-,0.60,-
17-Aug-14,-,-,-,0.59,-
16-Aug-14,-,-,-,0.59,-
15-Aug-14,-,-,-,0.59,-
14-Aug-14,-,-,-,0.59,-
13-Aug-14,-,-,-,0.59,-
12-Aug-14,-,-,-,0.59,-
11-Aug-14,-,-,-,0.59,-
10-Aug-14,-,-,-,0.60,-
9-Aug-14,-,-,-,0.60,-
8-Aug-14,-,-,-,0.60,-
7-Aug-14,-,-,-,0.60,-
6-Aug-14,-,-,-,0.60,-
5-Aug-14,-,-,-,0.60,-
4-Aug-14,-,-,-,0.60,-
3-Aug-14,-,-,-,0.61,-
2-Aug-14,-,-,-,0.61,-
1-Aug-14,-,-,-,0.61,-
31-Jul-14,-,-,-,0.62,-
30-Jul-14,-,-,-,0.62,-
29-Jul-14,-,-,-,0.62,-
28-Jul-14,-,-,-,0.61,-
27-Jul-14,-,-,-,0.61,-
26-Jul-14,-,-,-,0.61,-
25-Jul-14,-,-,-,0.60,-
24-Jul-14,-,-,-,0.60,-
23-Jul-14,-,-,-,0.60,-
22-Jul-14,-,-,-,0.61,-
21-Jul-14,-,-,-,0.61,-
20-Jul-14,-,-,-,0.61,-
19-Jul-14,-,-,-,0.60,-
18-Jul-14,-,-,-,0.60,-
17-Jul-14,-,-,-,0.60,-
16-Jul-14,-,-,-,0.60,-
15-Jul-14,-,-,-,0.60,-
14-Jul-14,-,-,-,0.59,-
13-Jul-14,-,-,-,0.60,-
12-Jul-14,-,-,-,0.60,-
11-Jul-14,-,-,-,0.60,-
10-Jul-14,-,-,-,0.61,-
9-Jul-14,-,-,-,0.61,-
8-Jul-14,-,-,-,0.61,-
7-Jul-14,-,-,-,0.61,-
6-Jul-14,-,-,-,0.61,-
5-Jul-14,-,-,-,0.61,-
4-Jul-14,-,-,-,0.61,-
3-Jul-14,-,-,-,0.61,-
2-Jul-14,-,-,-,0.60,-
1-Jul-14,-,-,-,0.60,-
30-Jun-14,-,-,-,0.60,-
29-Jun-14,-,-,-,0.60,-
28-Jun-14,-,-,-,0.59,-
27-Jun-14,-,-,-,0.59,-
26-Jun-14,-,-,-,0.59,-
25-Jun-14,-,-,-,0.59,-
24-Jun-14,-,-,-,0.59,-
23-Jun-14,-,-,-,0.59,-
22-Jun-14,-,-,-,0.58,-
21-Jun-14,-,-,-,0.58,-
20-Jun-14,-,-,-,0.58,-
19-Jun-14,-,-,-,0.57,-
18-Jun-14,-,-,-,0.57,-
17-Jun-14,-,-,-,0.56,-
16-Jun-14,-,-,-,0.56,-
15-Jun-14,-,-,-,0.57,-
14-Jun-14,-,-,-,0.57,-
13-Jun-14,-,-,-,0.57,-
12-Jun-14,-,-,-,0.57,-
11-Jun-14,-,-,-,0.57,-
10-Jun-14,-,-,-,0.57,-
9-Jun-14,-,-,-,0.57,-
8-Jun-14,-,-,-,0.57,-
7-Jun-14,-,-,-,0.57,-
6-Jun-14,-,-,-,0.57,-
5-Jun-14,-,-,-,0.57,-
4-Jun-14,-,-,-,0.58,-
3-Jun-14,-,-,-,0.58,-
2-Jun-14,-,-,-,0.58,-
1-Jun-14,-,-,-,0.59,-
31-May-14,-,-,-,0.59,-
30-May-14,-,-,-,0.60,-
29-May-14,-,-,-,0.60,-
28-May-14,-,-,-,0.60,-
27-May-14,-,-,-,0.62,-
26-May-14,-,-,-,0.61,-
25-May-14,-,-,-,0.60,-
24-May-14,-,-,-,0.60,-
23-May-14,-,-,-,0.59,-
22-May-14,-,-,-,0.59,-
21-May-14,-,-,-,0.58,-
20-May-14,-,-,-,0.57,-
19-May-14,-,-,-,0.56,-
18-May-14,-,-,-,0.57,-
17-May-14,-,-,-,0.56,-
16-May-14,-,-,-,0.56,-
15-May-14,-,-,-,0.56,-
14-May-14,-,-,-,0.56,-
13-May-14,-,-,-,0.56,-
12-May-14,-,-,-,0.56,-
11-May-14,-,-,-,0.56,-
10-May-14,-,-,-,0.57,-
9-May-14,-,-,-,0.57,-
8-May-14,-,-,-,0.57,-
7-May-14,-,-,-,0.57,-
6-May-14,-,-,-,0.57,-
5-May-14,-,-,-,0.57,-
4-May-14,-,-,-,0.57,-
3-May-14,-,-,-,0.57,-
2-May-14,-,-,-,0.57,-
1-May-14,-,-,-,0.57,-
30-Apr-14,-,-,-,0.57,-
29-Apr-14,-,-,-,0.57,-
28-Apr-14,-,-,-,0.57,-
27-Apr-14,-,-,-,0.57,-
26-Apr-14,-,-,-,0.56,-
25-Apr-14,-,-,-,0.56,-
24-Apr-14,-,-,-,0.56,-
23-Apr-14,-,-,-,0.56,-
22-Apr-14,-,-,-,0.56,-
21-Apr-14,-,-,-,0.56,-
20-Apr-14,-,-,-,0.56,-
19-Apr-14,-,-,-,0.56,-
18-Apr-14,-,-,-,0.55,-
17-Apr-14,-,-,-,0.54,-
16-Apr-14,-,-,-,0.54,-
15-Apr-14,-,-,-,0.54,-
14-Apr-14,-,-,-,0.54,-
13-Apr-14,-,-,-,0.54,-
12-Apr-14,-,-,-,0.54,-
11-Apr-14,-,-,-,0.55,-
10-Apr-14,-,-,-,0.55,-
9-Apr-14,-,-,-,0.55,-
8-Apr-14,-,-,-,0.56,-
7-Apr-14,-,-,-,0.56,-
6-Apr-14,-,-,-,0.56,-
5-Apr-14,-,-,-,0.56,-
4-Apr-14,-,-,-,0.56,-
3-Apr-14,-,-,-,0.56,-
2-Apr-14,-,-,-,0.56,-
1-Apr-14,-,-,-,0.56,-
31-Mar-14,-,-,-,0.57,-
30-Mar-14,-,-,-,0.57,-
29-Mar-14,-,-,-,0.57,-
28-Mar-14,-,-,-,0.57,-
27-Mar-14,-,-,-,0.57,-
26-Mar-14,-,-,-,0.57,-
25-Mar-14,-,-,-,0.57,-
24-Mar-14,-,-,-,0.57,-
23-Mar-14,-,-,-,0.56,-
22-Mar-14,-,-,-,0.56,-
21-Mar-14,-,-,-,0.57,-
20-Mar-14,-,-,-,0.57,-
19-Mar-14,-,-,-,0.57,-
18-Mar-14,-,-,-,0.57,-
17-Mar-14,-,-,-,0.57,-
16-Mar-14,-,-,-,0.57,-
15-Mar-14,-,-,-,0.57,-
14-Mar-14,-,-,-,0.57,-
13-Mar-14,-,-,-,0.57,-
12-Mar-14,-,-,-,0.57,-
11-Mar-14,-,-,-,0.58,-
10-Mar-14,-,-,-,0.58,-
9-Mar-14,-,-,-,0.58,-
8-Mar-14,-,-,-,0.58,-
7-Mar-14,-,-,-,0.58,-
6-Mar-14,-,-,-,0.58,-
5-Mar-14,-,-,-,0.58,-
4-Mar-14,-,-,-,0.58,-
3-Mar-14,-,-,-,0.58,-
2-Mar-14,-,-,-,0.58,-
1-Mar-14,-,-,-,0.58,-
28-Feb-14,-,-,-,0.58,-
27-Feb-14,-,-,-,0.58,-
26-Feb-14,-,-,-,0.58,-
25-Feb-14,-,-,-,0.58,-
24-Feb-14,-,-,-,0.58,-
23-Feb-14,-,-,-,0.59,-
22-Feb-14,-,-,-,0.60,-
21-Feb-14,-,-,-,0.60,-
20-Feb-14,-,-,-,0.60,-
19-Feb-14,-,-,-,0.61,-
18-Feb-14,-,-,-,0.60,-
17-Feb-14,-,-,-,0.60,-
16-Feb-14,-,-,-,0.59,-
15-Feb-14,-,-,-,0.59,-
14-Feb-14,-,-,-,0.59,-
13-Feb-14,-,-,-,0.59,-
12-Feb-14,-,-,-,0.59,-
11-Feb-14,-,-,-,0.60,-
10-Feb-14,-,-,-,0.60,-
9-Feb-14,-,-,-,0.59,-
8-Feb-14,-,-,-,0.59,-
7-Feb-14,-,-,-,0.58,-
6-Feb-14,-,-,-,0.58,-
5-Feb-14,-,-,-,0.58,-
4-Feb-14,-,-,-,0.58,-
3-Feb-14,-,-,-,0.58,-
2-Feb-14,-,-,-,0.58,-
1-Feb-14,-,-,-,0.59,-
31-Jan-14,-,-,-,0.60,-
30-Jan-14,-,-,-,0.60,-
29-Jan-14,-,-,-,0.60,-
28-Jan-14,-,-,-,0.60,-
27-Jan-14,-,-,-,0.61,-
26-Jan-14,-,-,-,0.61,-
25-Jan-14,-,-,-,0.61,-
24-Jan-14,-,-,-,0.61,-
23-Jan-14,-,-,-,0.61,-
22-Jan-14,-,-,-,0.62,-
21-Jan-14,-,-,-,0.62,-
20-Jan-14,-,-,-,0.62,-
19-Jan-14,-,-,-,0.61,-
18-Jan-14,-,-,-,0.62,-
17-Jan-14,-,-,-,0.62,-
16-Jan-14,-,-,-,0.62,-
15-Jan-14,-,-,-,0.62,-
14-Jan-14,-,-,-,0.63,-
13-Jan-14,-,-,-,0.63,-
12-Jan-14,-,-,-,0.64,-
11-Jan-14,-,-,-,0.64,-
10-Jan-14,-,-,-,0.65,-
9-Jan-14,-,-,-,0.66,-
8-Jan-14,-,-,-,0.67,-
7-Jan-14,-,-,-,0.68,-
6-Jan-14,-,-,-,0.69,-
5-Jan-14,-,-,-,0.69,-
4-Jan-14,-,-,-,0.70,-
3-Jan-14,-,-,-,0.71,-
2-Jan-14,-,-,-,0.72,-
1-Jan-14,-,-,-,0.75,-
31-Dec-13,-,-,-,0.76,-
30-Dec-13,-,-,-,0.76,-
29-Dec-13,-,-,-,0.76,-
28-Dec-13,-,-,-,0.76,-
27-Dec-13,-,-,-,0.75,-
26-Dec-13,-,-,-,0.74,-
25-Dec-13,-,-,-,0.71,-
24-Dec-13,-,-,-,0.70,-
23-Dec-13,-,-,-,0.70,-
22-Dec-13,-,-,-,0.70,-
21-Dec-13,-,-,-,0.70,-
20-Dec-13,-,-,-,0.70,-
19-Dec-13,-,-,-,0.70,-
18-Dec-13,-,-,-,0.71,-
17-Dec-13,-,-,-,0.71,-
16-Dec-13,-,-,-,0.71,-
15-Dec-13,-,-,-,0.70,-
14-Dec-13,-,-,-,0.70,-
13-Dec-13,-,-,-,0.70,-
12-Dec-13,-,-,-,0.70,-
11-Dec-13,-,-,-,0.69,-
10-Dec-13,-,-,-,0.69,-
9-Dec-13,-,-,-,0.70,-
8-Dec-13,-,-,-,0.71,-
7-Dec-13,-,-,-,0.72,-
6-Dec-13,-,-,-,0.74,-
5-Dec-13,-,-,-,0.80,-
4-Dec-13,-,-,-,0.85,-
3-Dec-13,-,-,-,0.87,-
2-Dec-13,-,-,-,0.88,-
1-Dec-13,-,-,-,0.87,-
30-Nov-13,-,-,-,0.89,-
29-Nov-13,-,-,-,0.87,-
28-Nov-13,-,-,-,0.82,-
27-Nov-13,-,-,-,0.77,-
26-Nov-13,-,-,-,0.75,-
25-Nov-13,-,-,-,0.74,-
24-Nov-13,-,-,-,0.72,-
23-Nov-13,-,-,-,0.71,-
22-Nov-13,-,-,-,0.70,-
21-Nov-13,-,-,-,0.69,-
20-Nov-13,-,-,-,0.68,-
19-Nov-13,-,-,-,0.67,-
18-Nov-13,-,-,-,0.67,-
17-Nov-13,-,-,-,0.67,-
16-Nov-13,-,-,-,0.66,-
15-Nov-13,-,-,-,0.66,-
14-Nov-13,-,-,-,0.65,-
13-Nov-13,-,-,-,0.65,-
12-Nov-13,-,-,-,0.64,-
11-Nov-13,-,-,-,0.63,-
10-Nov-13,-,-,-,0.62,-
9-Nov-13,-,-,-,0.62,-
8-Nov-13,-,-,-,0.62,-
7-Nov-13,-,-,-,0.61,-
6-Nov-13,-,-,-,0.61,-
5-Nov-13,-,-,-,0.61,-
4-Nov-13,-,-,-,0.61,-
3-Nov-13,-,-,-,0.61,-
2-Nov-13,-,-,-,0.60,-
1-Nov-13,-,-,-,0.60,-
31-Oct-13,-,-,-,0.60,-
30-Oct-13,-,-,-,0.60,-
29-Oct-13,-,-,-,0.60,-
28-Oct-13,-,-,-,0.60,-
27-Oct-13,-,-,-,0.59,-
26-Oct-13,-,-,-,0.59,-
25-Oct-13,-,-,-,0.59,-
24-Oct-13,-,-,-,0.59,-
23-Oct-13,-,-,-,0.58,-
22-Oct-13,-,-,-,0.58,-
21-Oct-13,-,-,-,0.58,-
20-Oct-13,-,-,-,0.58,-
19-Oct-13,-,-,-,0.58,-
18-Oct-13,-,-,-,0.57,-
17-Oct-13,-,-,-,0.57,-
16-Oct-13,-,-,-,0.57,-
15-Oct-13,-,-,-,0.57,-
14-Oct-13,-,-,-,0.57,-
13-Oct-13,-,-,-,0.57,-
12-Oct-13,-,-,-,0.57,-
11-Oct-13,-,-,-,0.57,-
10-Oct-13,-,-,-,0.57,-
9-Oct-13,-,-,-,0.56,-
8-Oct-13,-,-,-,0.56,-
7-Oct-13,-,-,-,0.56,-
6-Oct-13,-,-,-,0.56,-
5-Oct-13,-,-,-,0.56,-
4-Oct-13,-,-,-,0.56,-
3-Oct-13,-,-,-,0.56,-
2-Oct-13,-,-,-,0.56,-
1-Oct-13,-,-,-,0.57,-
30-Sep-13,-,-,-,0.57,-
29-Sep-13,-,-,-,0.57,-
28-Sep-13,-,-,-,0.57,-
27-Sep-13,-,-,-,0.57,-
26-Sep-13,-,-,-,0.57,-
25-Sep-13,-,-,-,0.56,-
24-Sep-13,-,-,-,0.56,-
23-Sep-13,-,-,-,0.56,-
22-Sep-13,-,-,-,0.56,-
21-Sep-13,-,-,-,0.56,-
20-Sep-13,-,-,-,0.56,-
19-Sep-13,-,-,-,0.57,-
18-Sep-13,-,-,-,0.58,-
17-Sep-13,-,-,-,0.58,-
16-Sep-13,-,-,-,0.58,-
15-Sep-13,-,-,-,0.57,-
14-Sep-13,-,-,-,0.57,-
13-Sep-13,-,-,-,0.57,-
12-Sep-13,-,-,-,0.57,-
11-Sep-13,-,-,-,0.57,-
10-Sep-13,-,-,-,0.58,-
9-Sep-13,-,-,-,0.58,-
8-Sep-13,-,-,-,0.60,-
7-Sep-13,-,-,-,0.60,-
6-Sep-13,-,-,-,0.60,-
5-Sep-13,-,-,-,0.60,-
4-Sep-13,-,-,-,0.60,-
3-Sep-13,-,-,-,0.60,-
2-Sep-13,-,-,-,0.60,-
1-Sep-13,-,-,-,0.58,-
31-Aug-13,-,-,-,0.58,-
30-Aug-13,-,-,-,0.58,-
29-Aug-13,-,-,-,0.58,-
28-Aug-13,-,-,-,0.58,-
27-Aug-13,-,-,-,0.58,-
26-Aug-13,-,-,-,0.58,-
25-Aug-13,-,-,-,0.59,-
24-Aug-13,-,-,-,0.59,-
23-Aug-13,-,-,-,0.58,-
22-Aug-13,-,-,-,0.58,-
21-Aug-13,-,-,-,0.59,-
20-Aug-13,-,-,-,0.59,-
19-Aug-13,-,-,-,0.59,-
18-Aug-13,-,-,-,0.59,-
17-Aug-13,-,-,-,0.59,-
16-Aug-13,-,-,-,0.59,-
15-Aug-13,-,-,-,0.59,-
14-Aug-13,-,-,-,0.59,-
13-Aug-13,-,-,-,0.60,-
12-Aug-13,-,-,-,0.60,-
11-Aug-13,-,-,-,0.60,-
10-Aug-13,-,-,-,0.60,-
9-Aug-13,-,-,-,0.59,-
8-Aug-13,-,-,-,0.60,-
7-Aug-13,-,-,-,0.59,-
6-Aug-13,-,-,-,0.59,-
5-Aug-13,-,-,-,0.59,-
4-Aug-13,-,-,-,0.59,-
3-Aug-13,-,-,-,0.59,-
2-Aug-13,-,-,-,0.59,-
1-Aug-13,-,-,-,0.59,-
31-Jul-13,-,-,-,0.59,-
30-Jul-13,-,-,-,0.59,-
29-Jul-13,-,-,-,0.59,-
28-Jul-13,-,-,-,0.59,-
27-Jul-13,-,-,-,0.58,-
26-Jul-13,-,-,-,0.58,-
25-Jul-13,-,-,-,0.58,-
24-Jul-13,-,-,-,0.58,-
23-Jul-13,-,-,-,0.58,-
22-Jul-13,-,-,-,0.58,-
21-Jul-13,-,-,-,0.58,-
20-Jul-13,-,-,-,0.58,-
19-Jul-13,-,-,-,0.58,-
18-Jul-13,-,-,-,0.58,-
17-Jul-13,-,-,-,0.58,-
16-Jul-13,-,-,-,0.58,-
15-Jul-13,-,-,-,0.59,-
14-Jul-13,-,-,-,0.59,-
13-Jul-13,-,-,-,0.59,-
12-Jul-13,-,-,-,0.59,-
11-Jul-13,-,-,-,0.60,-
10-Jul-13,-,-,-,0.60,-
9-Jul-13,-,-,-,0.60,-
8-Jul-13,-,-,-,0.60,-
7-Jul-13,-,-,-,0.60,-
6-Jul-13,-,-,-,0.60,-
5-Jul-13,-,-,-,0.60,-
4-Jul-13,-,-,-,0.59,-
3-Jul-13,-,-,-,0.59,-
2-Jul-13,-,-,-,0.58,-
1-Jul-13,-,-,-,0.58,-
30-Jun-13,-,-,-,0.58,-
29-Jun-13,-,-,-,0.58,-
28-Jun-13,-,-,-,0.57,-
27-Jun-13,-,-,-,0.57,-
26-Jun-13,-,-,-,0.57,-
25-Jun-13,-,-,-,0.57,-
24-Jun-13,-,-,-,0.57,-
23-Jun-13,-,-,-,0.57,-
22-Jun-13,-,-,-,0.57,-
21-Jun-13,-,-,-,0.56,-
20-Jun-13,-,-,-,0.56,-
19-Jun-13,-,-,-,0.57,-
18-Jun-13,-,-,-,0.57,-
17-Jun-13,-,-,-,0.57,-
16-Jun-13,-,-,-,0.57,-
15-Jun-13,-,-,-,0.57,-
14-Jun-13,-,-,-,0.57,-
13-Jun-13,-,-,-,0.57,-
12-Jun-13,-,-,-,0.57,-
11-Jun-13,-,-,-,0.58,-
10-Jun-13,-,-,-,0.58,-
9-Jun-13,-,-,-,0.57,-
8-Jun-13,-,-,-,0.58,-
7-Jun-13,-,-,-,0.57,-
6-Jun-13,-,-,-,0.57,-
5-Jun-13,-,-,-,0.57,-
4-Jun-13,-,-,-,0.57,-
3-Jun-13,-,-,-,0.57,-
2-Jun-13,-,-,-,0.58,-
1-Jun-13,-,-,-,0.58,-
31-May-13,-,-,-,0.59,-
30-May-13,-,-,-,0.59,-
29-May-13,-,-,-,0.59,-
28-May-13,-,-,-,0.59,-
27-May-13,-,-,-,0.58,-
26-May-13,-,-,-,0.57,-
25-May-13,-,-,-,0.56,-
24-May-13,-,-,-,0.55,-
23-May-13,-,-,-,0.54,-
22-May-13,-,-,-,0.54,-
21-May-13,-,-,-,0.53,-
20-May-13,-,-,-,0.54,-
19-May-13,-,-,-,0.54,-
18-May-13,-,-,-,0.54,-
17-May-13,-,-,-,0.55,-
16-May-13,-,-,-,0.55,-
15-May-13,-,-,-,0.55,-
14-May-13,-,-,-,0.55,-
13-May-13,-,-,-,0.55,-
12-May-13,-,-,-,0.55,-
11-May-13,-,-,-,0.55,-
10-May-13,-,-,-,0.55,-
9-May-13,-,-,-,0.55,-
8-May-13,-,-,-,0.55,-
7-May-13,-,-,-,0.55,-
6-May-13,-,-,-,0.55,-
5-May-13,-,-,-,0.55,-
4-May-13,-,-,-,0.55,-
3-May-13,-,-,-,0.55,-
2-May-13,-,-,-,0.55,-
1-May-13,-,-,-,0.55,-
30-Apr-13,-,-,-,0.56,-
29-Apr-13,-,-,-,0.56,-
28-Apr-13,-,-,-,0.56,-
27-Apr-13,-,-,-,0.56,-
26-Apr-13,-,-,-,0.57,-
25-Apr-13,-,-,-,0.56,-
24-Apr-13,-,-,-,0.56,-
23-Apr-13,-,-,-,0.56,-
22-Apr-13,-,-,-,0.55,-
21-Apr-13,-,-,-,0.54,-
20-Apr-13,-,-,-,0.54,-
19-Apr-13,-,-,-,0.54,-
18-Apr-13,-,-,-,0.54,-
17-Apr-13,-,-,-,0.54,-
16-Apr-13,-,-,-,0.55,-
15-Apr-13,-,-,-,0.55,-
14-Apr-13,-,-,-,0.55,-
13-Apr-13,-,-,-,0.55,-
12-Apr-13,-,-,-,0.55,-
11-Apr-13,-,-,-,0.55,-
10-Apr-13,-,-,-,0.55,-
9-Apr-13,-,-,-,0.55,-
8-Apr-13,-,-,-,0.55,-
7-Apr-13,-,-,-,0.55,-
6-Apr-13,-,-,-,0.54,-
5-Apr-13,-,-,-,0.54,-
4-Apr-13,-,-,-,0.54,-
3-Apr-13,-,-,-,0.54,-
2-Apr-13,-,-,-,0.54,-
1-Apr-13,-,-,-,0.54,-
31-Mar-13,-,-,-,0.55,-
30-Mar-13,-,-,-,0.56,-
29-Mar-13,-,-,-,0.56,-
28-Mar-13,-,-,-,0.56,-
27-Mar-13,-,-,-,0.56,-
26-Mar-13,-,-,-,0.56,-
25-Mar-13,-,-,-,0.56,-
24-Mar-13,-,-,-,0.55,-
23-Mar-13,-,-,-,0.55,-
22-Mar-13,-,-,-,0.55,-
21-Mar-13,-,-,-,0.55,-
20-Mar-13,-,-,-,0.55,-
19-Mar-13,-,-,-,0.55,-
18-Mar-13,-,-,-,0.55,-
17-Mar-13,-,-,-,0.55,-
16-Mar-13,-,-,-,0.55,-
15-Mar-13,-,-,-,0.55,-
14-Mar-13,-,-,-,0.55,-
13-Mar-13,-,-,-,0.55,-
12-Mar-13,-,-,-,0.55,-
11-Mar-13,-,-,-,0.55,-
10-Mar-13,-,-,-,0.55,-
9-Mar-13,-,-,-,0.55,-
8-Mar-13,-,-,-,0.55,-
7-Mar-13,-,-,-,0.55,-
6-Mar-13,-,-,-,0.55,-
5-Mar-13,-,-,-,0.55,-
4-Mar-13,-,-,-,0.55,-
3-Mar-13,-,-,-,0.55,-
2-Mar-13,-,-,-,0.55,-
1-Mar-13,-,-,-,0.55,-
28-Feb-13,-,-,-,0.55,-
27-Feb-13,-,-,-,0.55,-
26-Feb-13,-,-,-,0.55,-
25-Feb-13,-,-,-,0.55,-
24-Feb-13,-,-,-,0.56,-
23-Feb-13,-,-,-,0.57,-
22-Feb-13,-,-,-,0.57,-
21-Feb-13,-,-,-,0.57,-
20-Feb-13,-,-,-,0.57,-
19-Feb-13,-,-,-,0.57,-
18-Feb-13,-,-,-,0.57,-
17-Feb-13,-,-,-,0.56,-
16-Feb-13,-,-,-,0.56,-
15-Feb-13,-,-,-,0.56,-
14-Feb-13,-,-,-,0.56,-
13-Feb-13,-,-,-,0.56,-
12-Feb-13,-,-,-,0.56,-
11-Feb-13,-,-,-,0.56,-
10-Feb-13,-,-,-,0.56,-
9-Feb-13,-,-,-,0.55,-
8-Feb-13,-,-,-,0.55,-
7-Feb-13,-,-,-,0.55,-
6-Feb-13,-,-,-,0.55,-
5-Feb-13,-,-,-,0.55,-
4-Feb-13,-,-,-,0.55,-
3-Feb-13,-,-,-,0.56,-
2-Feb-13,-,-,-,0.56,-
1-Feb-13,-,-,-,0.56,-
31-Jan-13,-,-,-,0.57,-
30-Jan-13,-,-,-,0.57,-
29-Jan-13,-,-,-,0.57,-
28-Jan-13,-,-,-,0.57,-
27-Jan-13,-,-,-,0.58,-
26-Jan-13,-,-,-,0.58,-
25-Jan-13,-,-,-,0.58,-
24-Jan-13,-,-,-,0.58,-
23-Jan-13,-,-,-,0.58,-
22-Jan-13,-,-,-,0.58,-
21-Jan-13,-,-,-,0.58,-
20-Jan-13,-,-,-,0.57,-
19-Jan-13,-,-,-,0.59,-
18-Jan-13,-,-,-,0.59,-
17-Jan-13,-,-,-,0.59,-
16-Jan-13,-,-,-,0.60,-
15-Jan-13,-,-,-,0.60,-
14-Jan-13,-,-,-,0.60,-
13-Jan-13,-,-,-,0.60,-
12-Jan-13,-,-,-,0.60,-
11-Jan-13,-,-,-,0.61,-
10-Jan-13,-,-,-,0.61,-
9-Jan-13,-,-,-,0.62,-
8-Jan-13,-,-,-,0.63,-
7-Jan-13,-,-,-,0.64,-
6-Jan-13,-,-,-,0.64,-
5-Jan-13,-,-,-,0.65,-
4-Jan-13,-,-,-,0.65,-
3-Jan-13,-,-,-,0.66,-
2-Jan-13,-,-,-,0.68,-
1-Jan-13,-,-,-,0.70,-
31-Dec-12,-,-,-,0.71,-
30-Dec-12,-,-,-,0.71,-
29-Dec-12,-,-,-,0.71,-
28-Dec-12,-,-,-,0.70,-
27-Dec-12,-,-,-,0.69,-
26-Dec-12,-,-,-,0.68,-
25-Dec-12,-,-,-,0.65,-
24-Dec-12,-,-,-,0.65,-
23-Dec-12,-,-,-,0.65,-
22-Dec-12,-,-,-,0.65,-
21-Dec-12,-,-,-,0.64,-
20-Dec-12,-,-,-,0.64,-
19-Dec-12,-,-,-,0.64,-
18-Dec-12,-,-,-,0.64,-
17-Dec-12,-,-,-,0.64,-
16-Dec-12,-,-,-,0.64,-
15-Dec-12,-,-,-,0.64,-
14-Dec-12,-,-,-,0.65,-
13-Dec-12,-,-,-,0.65,-
12-Dec-12,-,-,-,0.65,-
11-Dec-12,-,-,-,0.65,-
10-Dec-12,-,-,-,0.65,-
9-Dec-12,-,-,-,0.66,-
8-Dec-12,-,-,-,0.65,-
7-Dec-12,-,-,-,0.65,-
6-Dec-12,-,-,-,0.65,-
5-Dec-12,-,-,-,0.65,-
4-Dec-12,-,-,-,0.65,-
3-Dec-12,-,-,-,0.66,-
2-Dec-12,-,-,-,0.68,-
1-Dec-12,-,-,-,0.70,-
30-Nov-12,-,-,-,0.72,-
29-Nov-12,-,-,-,0.78,-
28-Nov-12,-,-,-,0.82,-
27-Nov-12,-,-,-,0.83,-
26-Nov-12,-,-,-,0.82,-
25-Nov-12,-,-,-,0.81,-
24-Nov-12,-,-,-,0.80,-
23-Nov-12,-,-,-,0.79,-
22-Nov-12,-,-,-,0.74,-
21-Nov-12,-,-,-,0.70,-
20-Nov-12,-,-,-,0.68,-
19-Nov-12,-,-,-,0.67,-
18-Nov-12,-,-,-,0.66,-
17-Nov-12,-,-,-,0.65,-
16-Nov-12,-,-,-,0.64,-
15-Nov-12,-,-,-,0.63,-
14-Nov-12,-,-,-,0.62,-
13-Nov-12,-,-,-,0.60,-
12-Nov-12,-,-,-,0.59,-
11-Nov-12,-,-,-,0.58,-
10-Nov-12,-,-,-,0.57,-
9-Nov-12,-,-,-,0.56,-
8-Nov-12,-,-,-,0.56,-
7-Nov-12,-,-,-,0.55,-
6-Nov-12,-,-,-,0.56,-
5-Nov-12,-,-,-,0.56,-
4-Nov-12,-,-,-,0.55,-
3-Nov-12,-,-,-,0.54,-
2-Nov-12,-,-,-,0.54,-
1-Nov-12,-,-,-,0.54,-
31-Oct-12,-,-,-,0.54,-
30-Oct-12,-,-,-,0.55,-
29-Oct-12,-,-,-,0.55,-
28-Oct-12,-,-,-,0.55,-
27-Oct-12,-,-,-,0.55,-
26-Oct-12,-,-,-,0.55,-
25-Oct-12,-,-,-,0.55,-
24-Oct-12,-,-,-,0.55,-
23-Oct-12,-,-,-,0.55,-
22-Oct-12,-,-,-,0.55,-
21-Oct-12,-,-,-,0.55,-
20-Oct-12,-,-,-,0.54,-
19-Oct-12,-,-,-,0.54,-
18-Oct-12,-,-,-,0.54,-
17-Oct-12,-,-,-,0.54,-
16-Oct-12,-,-,-,0.54,-
15-Oct-12,-,-,-,0.54,-
14-Oct-12,-,-,-,0.54,-
13-Oct-12,-,-,-,0.55,-
12-Oct-12,-,-,-,0.55,-
11-Oct-12,-,-,-,0.55,-
10-Oct-12,-,-,-,0.55,-
9-Oct-12,-,-,-,0.55,-
8-Oct-12,-,-,-,0.55,-
7-Oct-12,-,-,-,0.55,-
6-Oct-12,-,-,-,0.54,-
5-Oct-12,-,-,-,0.54,-
4-Oct-12,-,-,-,0.55,-
3-Oct-12,-,-,-,0.55,-
2-Oct-12,-,-,-,0.55,-
1-Oct-12,-,-,-,0.54,-
30-Sep-12,-,-,-,0.55,-
29-Sep-12,-,-,-,0.55,-
28-Sep-12,-,-,-,0.55,-
27-Sep-12,-,-,-,0.55,-
26-Sep-12,-,-,-,0.55,-
25-Sep-12,-,-,-,0.55,-
24-Sep-12,-,-,-,0.55,-
23-Sep-12,-,-,-,0.55,-
22-Sep-12,-,-,-,0.55,-
21-Sep-12,-,-,-,0.55,-
20-Sep-12,-,-,-,0.55,-
19-Sep-12,-,-,-,0.54,-
18-Sep-12,-,-,-,0.54,-
17-Sep-12,-,-,-,0.54,-
16-Sep-12,-,-,-,0.54,-
15-Sep-12,-,-,-,0.54,-
14-Sep-12,-,-,-,0.54,-
13-Sep-12,-,-,-,0.55,-
12-Sep-12,-,-,-,0.55,-
11-Sep-12,-,-,-,0.55,-
10-Sep-12,-,-,-,0.55,-
9-Sep-12,-,-,-,0.57,-
8-Sep-12,-,-,-,0.58,-
7-Sep-12,-,-,-,0.58,-
6-Sep-12,-,-,-,0.58,-
5-Sep-12,-,-,-,0.58,-
4-Sep-12,-,-,-,0.58,-
3-Sep-12,-,-,-,0.58,-
2-Sep-12,-,-,-,0.57,-
1-Sep-12,-,-,-,0.56,-
31-Aug-12,-,-,-,0.56,-
30-Aug-12,-,-,-,0.56,-
29-Aug-12,-,-,-,0.56,-
28-Aug-12,-,-,-,0.57,-
27-Aug-12,-,-,-,0.57,-
26-Aug-12,-,-,-,0.57,-
25-Aug-12,-,-,-,0.57,-
24-Aug-12,-,-,-,0.57,-
23-Aug-12,-,-,-,0.57,-
22-Aug-12,-,-,-,0.57,-
21-Aug-12,-,-,-,0.57,-
20-Aug-12,-,-,-,0.58,-
19-Aug-12,-,-,-,0.58,-
18-Aug-12,-,-,-,0.58,-
17-Aug-12,-,-,-,0.58,-
16-Aug-12,-,-,-,0.59,-
15-Aug-12,-,-,-,0.60,-
14-Aug-12,-,-,-,0.59,-
13-Aug-12,-,-,-,0.59,-
12-Aug-12,-,-,-,0.59,-
11-Aug-12,-,-,-,0.59,-
10-Aug-12,-,-,-,0.58,-
9-Aug-12,-,-,-,0.56,-
8-Aug-12,-,-,-,0.56,-
7-Aug-12,-,-,-,0.55,-
6-Aug-12,-,-,-,0.55,-
5-Aug-12,-,-,-,0.55,-
4-Aug-12,-,-,-,0.55,-
3-Aug-12,-,-,-,0.55,-
2-Aug-12,-,-,-,0.54,-
1-Aug-12,-,-,-,0.55,-
31-Jul-12,-,-,-,0.55,-
30-Jul-12,-,-,-,0.55,-
29-Jul-12,-,-,-,0.55,-
28-Jul-12,-,-,-,0.56,-
27-Jul-12,-,-,-,0.56,-
26-Jul-12,-,-,-,0.56,-
25-Jul-12,-,-,-,0.56,-
24-Jul-12,-,-,-,0.57,-
23-Jul-12,-,-,-,0.56,-
22-Jul-12,-,-,-,0.56,-
21-Jul-12,-,-,-,0.56,-
20-Jul-12,-,-,-,0.57,-
19-Jul-12,-,-,-,0.57,-
18-Jul-12,-,-,-,0.57,-
17-Jul-12,-,-,-,0.56,-
16-Jul-12,-,-,-,0.57,-
15-Jul-12,-,-,-,0.57,-
14-Jul-12,-,-,-,0.56,-
13-Jul-12,-,-,-,0.57,-
12-Jul-12,-,-,-,0.57,-
11-Jul-12,-,-,-,0.58,-
10-Jul-12,-,-,-,0.58,-
9-Jul-12,-,-,-,0.58,-
8-Jul-12,-,-,-,0.58,-
7-Jul-12,-,-,-,0.58,-
6-Jul-12,-,-,-,0.58,-
5-Jul-12,-,-,-,0.57,-
4-Jul-12,-,-,-,0.57,-
3-Jul-12,-,-,-,0.56,-
2-Jul-12,-,-,-,0.57,-
1-Jul-12,-,-,-,0.57,-
30-Jun-12,-,-,-,0.56,-
29-Jun-12,-,-,-,0.56,-
28-Jun-12,-,-,-,0.56,-
27-Jun-12,-,-,-,0.56,-
26-Jun-12,-,-,-,0.56,-
25-Jun-12,-,-,-,0.56,-
24-Jun-12,-,-,-,0.56,-
23-Jun-12,-,-,-,0.56,-
22-Jun-12,-,-,-,0.55,-
21-Jun-12,-,-,-,0.55,-
20-Jun-12,-,-,-,0.55,-
19-Jun-12,-,-,-,0.55,-
18-Jun-12,-,-,-,0.55,-
17-Jun-12,-,-,-,0.55,-
16-Jun-12,-,-,-,0.55,-
15-Jun-12,-,-,-,0.55,-
14-Jun-12,-,-,-,0.55,-
13-Jun-12,-,-,-,0.55,-
12-Jun-12,-,-,-,0.55,-
11-Jun-12,-,-,-,0.55,-
10-Jun-12,-,-,-,0.54,-
9-Jun-12,-,-,-,0.54,-
8-Jun-12,-,-,-,0.54,-
7-Jun-12,-,-,-,0.54,-
6-Jun-12,-,-,-,0.54,-
5-Jun-12,-,-,-,0.55,-
4-Jun-12,-,-,-,0.55,-
3-Jun-12,-,-,-,0.56,-
2-Jun-12,-,-,-,0.56,-
1-Jun-12,-,-,-,0.57,-
31-May-12,-,-,-,0.57,-
30-May-12,-,-,-,0.58,-
29-May-12,-,-,-,0.57,-
28-May-12,-,-,-,0.57,-
27-May-12,-,-,-,0.56,-
26-May-12,-,-,-,0.56,-
25-May-12,-,-,-,0.55,-
24-May-12,-,-,-,0.55,-
23-May-12,-,-,-,0.54,-
22-May-12,-,-,-,0.54,-
21-May-12,-,-,-,0.54,-
20-May-12,-,-,-,0.54,-
19-May-12,-,-,-,0.54,-
18-May-12,-,-,-,0.54,-
17-May-12,-,-,-,0.54,-
16-May-12,-,-,-,0.54,-
15-May-12,-,-,-,0.54,-
14-May-12,-,-,-,0.55,-
13-May-12,-,-,-,0.55,-
12-May-12,-,-,-,0.55,-
11-May-12,-,-,-,0.55,-
10-May-12,-,-,-,0.55,-
9-May-12,-,-,-,0.55,-
8-May-12,-,-,-,0.55,-
7-May-12,-,-,-,0.55,-
6-May-12,-,-,-,0.55,-
5-May-12,-,-,-,0.55,-
4-May-12,-,-,-,0.55,-
3-May-12,-,-,-,0.55,-
2-May-12,-,-,-,0.55,-
1-May-12,-,-,-,0.55,-
30-Apr-12,-,-,-,0.54,-
29-Apr-12,-,-,-,0.54,-
28-Apr-12,-,-,-,0.54,-
27-Apr-12,-,-,-,0.54,-
26-Apr-12,-,-,-,0.54,-
25-Apr-12,-,-,-,0.54,-
24-Apr-12,-,-,-,0.54,-
23-Apr-12,-,-,-,0.54,-
22-Apr-12,-,-,-,0.53,-
21-Apr-12,-,-,-,0.53,-
20-Apr-12,-,-,-,0.53,-
19-Apr-12,-,-,-,0.53,-
18-Apr-12,-,-,-,0.53,-
17-Apr-12,-,-,-,0.53,-
16-Apr-12,-,-,-,0.53,-
15-Apr-12,-,-,-,0.53,-
14-Apr-12,-,-,-,0.52,-
13-Apr-12,-,-,-,0.52,-
12-Apr-12,-,-,-,0.53,-
11-Apr-12,-,-,-,0.53,-
10-Apr-12,-,-,-,0.53,-
9-Apr-12,-,-,-,0.52,-
8-Apr-12,-,-,-,0.52,-
7-Apr-12,-,-,-,0.53,-
6-Apr-12,-,-,-,0.52,-
5-Apr-12,-,-,-,0.52,-
4-Apr-12,-,-,-,0.52,-
3-Apr-12,-,-,-,0.53,-
2-Apr-12,-,-,-,0.53,-
1-Apr-12,-,-,-,0.53,-
31-Mar-12,-,-,-,0.53,-
30-Mar-12,-,-,-,0.53,-
29-Mar-12,-,-,-,0.54,-
28-Mar-12,-,-,-,0.53,-
27-Mar-12,-,-,-,0.53,-
26-Mar-12,-,-,-,0.53,-
25-Mar-12,-,-,-,0.54,-
24-Mar-12,-,-,-,0.53,-
23-Mar-12,-,-,-,0.53,-
22-Mar-12,-,-,-,0.53,-
21-Mar-12,-,-,-,0.53,-
20-Mar-12,-,-,-,0.53,-
19-Mar-12,-,-,-,0.53,-
18-Mar-12,-,-,-,0.53,-
17-Mar-12,-,-,-,0.53,-
16-Mar-12,-,-,-,0.54,-
15-Mar-12,-,-,-,0.54,-
14-Mar-12,-,-,-,0.55,-
13-Mar-12,-,-,-,0.55,-
12-Mar-12,-,-,-,0.55,-
11-Mar-12,-,-,-,0.56,-
10-Mar-12,-,-,-,0.56,-
9-Mar-12,-,-,-,0.56,-
8-Mar-12,-,-,-,0.56,-
7-Mar-12,-,-,-,0.56,-
6-Mar-12,-,-,-,0.56,-
5-Mar-12,-,-,-,0.56,-
4-Mar-12,-,-,-,0.55,-
3-Mar-12,-,-,-,0.55,-
2-Mar-12,-,-,-,0.55,-
1-Mar-12,-,-,-,0.55,-
29-Feb-12,-,-,-,0.55,-
28-Feb-12,-,-,-,0.55,-
27-Feb-12,-,-,-,0.56,-
26-Feb-12,-,-,-,0.58,-
25-Feb-12,-,-,-,0.58,-
24-Feb-12,-,-,-,0.58,-
23-Feb-12,-,-,-,0.58,-
22-Feb-12,-,-,-,0.58,-
21-Feb-12,-,-,-,0.58,-
20-Feb-12,-,-,-,0.57,-
19-Feb-12,-,-,-,0.56,-
18-Feb-12,-,-,-,0.55,-
17-Feb-12,-,-,-,0.55,-
16-Feb-12,-,-,-,0.54,-
15-Feb-12,-,-,-,0.54,-
14-Feb-12,-,-,-,0.55,-
13-Feb-12,-,-,-,0.55,-
12-Feb-12,-,-,-,0.55,-
11-Feb-12,-,-,-,0.56,-
10-Feb-12,-,-,-,0.56,-
9-Feb-12,-,-,-,0.56,-
8-Feb-12,-,-,-,0.56,-
7-Feb-12,-,-,-,0.56,-
6-Feb-12,-,-,-,0.56,-
5-Feb-12,-,-,-,0.56,-
4-Feb-12,-,-,-,0.57,-
3-Feb-12,-,-,-,0.57,-
2-Feb-12,-,-,-,0.57,-
1-Feb-12,-,-,-,0.57,-
31-Jan-12,-,-,-,0.57,-
30-Jan-12,-,-,-,0.57,-
29-Jan-12,-,-,-,0.57,-
28-Jan-12,-,-,-,0.56,-
27-Jan-12,-,-,-,0.56,-
26-Jan-12,-,-,-,0.57,-
25-Jan-12,-,-,-,0.57,-
24-Jan-12,-,-,-,0.57,-
23-Jan-12,-,-,-,0.57,-
22-Jan-12,-,-,-,0.58,-
21-Jan-12,-,-,-,0.59,-
20-Jan-12,-,-,-,0.59,-
19-Jan-12,-,-,-,0.60,-
18-Jan-12,-,-,-,0.60,-
17-Jan-12,-,-,-,0.61,-
16-Jan-12,-,-,-,0.61,-
15-Jan-12,-,-,-,0.60,-
14-Jan-12,-,-,-,0.61,-
13-Jan-12,-,-,-,0.61,-
12-Jan-12,-,-,-,0.62,-
11-Jan-12,-,-,-,0.62,-
10-Jan-12,-,-,-,0.63,-
9-Jan-12,-,-,-,0.64,-
8-Jan-12,-,-,-,0.65,-
7-Jan-12,-,-,-,0.64,-
6-Jan-12,-,-,-,0.64,-
5-Jan-12,-,-,-,0.65,-
4-Jan-12,-,-,-,0.66,-
3-Jan-12,-,-,-,0.67,-
2-Jan-12,-,-,-,0.69,-
1-Jan-12,-,-,-,0.71,-
31-Dec-11,-,-,-,0.72,-
30-Dec-11,-,-,-,0.71,-
29-Dec-11,-,-,-,0.71,-
28-Dec-11,-,-,-,0.71,-
27-Dec-11,-,-,-,0.70,-
26-Dec-11,-,-,-,0.69,-
25-Dec-11,-,-,-,0.67,-
24-Dec-11,-,-,-,0.67,-
23-Dec-11,-,-,-,0.68,-
22-Dec-11,-,-,-,0.68,-
21-Dec-11,-,-,-,0.68,-
20-Dec-11,-,-,-,0.68,-
19-Dec-11,-,-,-,0.67,-
18-Dec-11,-,-,-,0.67,-
17-Dec-11,-,-,-,0.67,-
16-Dec-11,-,-,-,0.67,-
15-Dec-11,-,-,-,0.67,-
14-Dec-11,-,-,-,0.67,-
13-Dec-11,-,-,-,0.67,-
12-Dec-11,-,-,-,0.67,-
11-Dec-11,-,-,-,0.67,-
10-Dec-11,-,-,-,0.67,-
9-Dec-11,-,-,-,0.67,-
8-Dec-11,-,-,-,0.67,-
7-Dec-11,-,-,-,0.67,-
6-Dec-11,-,-,-,0.68,-
5-Dec-11,-,-,-,0.68,-
4-Dec-11,-,-,-,0.70,-
3-Dec-11,-,-,-,0.72,-
2-Dec-11,-,-,-,0.74,-
1-Dec-11,-,-,-,0.79,-
30-Nov-11,-,-,-,0.83,-
29-Nov-11,-,-,-,0.84,-
28-Nov-11,-,-,-,0.84,-
27-Nov-11,-,-,-,0.83,-
26-Nov-11,-,-,-,0.82,-
25-Nov-11,-,-,-,0.79,-
24-Nov-11,-,-,-,0.74,-
23-Nov-11,-,-,-,0.70,-
22-Nov-11,-,-,-,0.68,-
21-Nov-11,-,-,-,0.67,-
20-Nov-11,-,-,-,0.66,-
19-Nov-11,-,-,-,0.65,-
18-Nov-11,-,-,-,0.64,-
17-Nov-11,-,-,-,0.64,-
16-Nov-11,-,-,-,0.63,-
15-Nov-11,-,-,-,0.63,-
14-Nov-11,-,-,-,0.62,-
13-Nov-11,-,-,-,0.62,-
12-Nov-11,-,-,-,0.61,-
11-Nov-11,-,-,-,0.61,-
10-Nov-11,-,-,-,0.60,-
9-Nov-11,-,-,-,0.60,-
8-Nov-11,-,-,-,0.60,-
7-Nov-11,-,-,-,0.59,-
6-Nov-11,-,-,-,0.59,-
5-Nov-11,-,-,-,0.58,-
4-Nov-11,-,-,-,0.58,-
3-Nov-11,-,-,-,0.57,-
2-Nov-11,-,-,-,0.57,-
1-Nov-11,-,-,-,0.57,-
31-Oct-11,-,-,-,0.57,-
30-Oct-11,-,-,-,0.56,-
29-Oct-11,-,-,-,0.56,-
28-Oct-11,-,-,-,0.55,-
27-Oct-11,-,-,-,0.55,-
26-Oct-11,-,-,-,0.55,-
25-Oct-11,-,-,-,0.55,-
24-Oct-11,-,-,-,0.55,-
23-Oct-11,-,-,-,0.55,-
22-Oct-11,-,-,-,0.54,-
21-Oct-11,-,-,-,0.54,-
20-Oct-11,-,-,-,0.53,-
19-Oct-11,-,-,-,0.54,-
18-Oct-11,-,-,-,0.53,-
17-Oct-11,-,-,-,0.53,-
16-Oct-11,-,-,-,0.54,-
15-Oct-11,-,-,-,0.54,-
14-Oct-11,-,-,-,0.54,-
13-Oct-11,-,-,-,0.54,-
12-Oct-11,-,-,-,0.54,-
11-Oct-11,-,-,-,0.54,-
10-Oct-11,-,-,-,0.54,-
9-Oct-11,-,-,-,0.54,-
8-Oct-11,-,-,-,0.55,-
7-Oct-11,-,-,-,0.55,-
6-Oct-11,-,-,-,0.55,-
5-Oct-11,-,-,-,0.55,-
4-Oct-11,-,-,-,0.55,-
3-Oct-11,-,-,-,0.55,-
2-Oct-11,-,-,-,0.55,-
1-Oct-11,-,-,-,0.55,-
30-Sep-11,-,-,-,0.55,-
29-Sep-11,-,-,-,0.55,-
28-Sep-11,-,-,-,0.55,-
27-Sep-11,-,-,-,0.56,-
26-Sep-11,-,-,-,0.55,-
25-Sep-11,-,-,-,0.55,-
24-Sep-11,-,-,-,0.55,-
23-Sep-11,-,-,-,0.55,-
22-Sep-11,-,-,-,0.55,-
21-Sep-11,-,-,-,0.55,-
20-Sep-11,-,-,-,0.55,-
19-Sep-11,-,-,-,0.55,-
18-Sep-11,-,-,-,0.55,-
17-Sep-11,-,-,-,0.55,-
16-Sep-11,-,-,-,0.55,-
15-Sep-11,-,-,-,0.54,-
14-Sep-11,-,-,-,0.54,-
13-Sep-11,-,-,-,0.54,-
12-Sep-11,-,-,-,0.55,-
11-Sep-11,-,-,-,0.57,-
10-Sep-11,-,-,-,0.58,-
9-Sep-11,-,-,-,0.58,-
8-Sep-11,-,-,-,0.59,-
7-Sep-11,-,-,-,0.59,-
6-Sep-11,-,-,-,0.59,-
5-Sep-11,-,-,-,0.59,-
4-Sep-11,-,-,-,0.58,-
3-Sep-11,-,-,-,0.57,-
2-Sep-11,-,-,-,0.56,-
1-Sep-11,-,-,-,0.56,-
31-Aug-11,-,-,-,0.56,-
30-Aug-11,-,-,-,0.55,-
29-Aug-11,-,-,-,0.55,-
28-Aug-11,-,-,-,0.55,-
27-Aug-11,-,-,-,0.55,-
26-Aug-11,-,-,-,0.56,-
25-Aug-11,-,-,-,0.56,-
24-Aug-11,-,-,-,0.57,-
23-Aug-11,-,-,-,0.57,-
22-Aug-11,-,-,-,0.58,-
21-Aug-11,-,-,-,0.58,-
20-Aug-11,-,-,-,0.58,-
19-Aug-11,-,-,-,0.58,-
18-Aug-11,-,-,-,0.58,-
17-Aug-11,-,-,-,0.57,-
16-Aug-11,-,-,-,0.57,-
15-Aug-11,-,-,-,0.57,-
14-Aug-11,-,-,-,0.57,-
13-Aug-11,-,-,-,0.57,-
12-Aug-11,-,-,-,0.57,-
11-Aug-11,-,-,-,0.57,-
10-Aug-11,-,-,-,0.57,-
9-Aug-11,-,-,-,0.57,-
8-Aug-11,-,-,-,0.58,-
7-Aug-11,-,-,-,0.58,-
6-Aug-11,-,-,-,0.58,-
5-Aug-11,-,-,-,0.58,-
4-Aug-11,-,-,-,0.58,-
3-Aug-11,-,-,-,0.58,-
2-Aug-11,-,-,-,0.58,-
1-Aug-11,-,-,-,0.58,-
31-Jul-11,-,-,-,0.58,-
30-Jul-11,-,-,-,0.58,-
29-Jul-11,-,-,-,0.58,-
28-Jul-11,-,-,-,0.59,-
27-Jul-11,-,-,-,0.59,-
26-Jul-11,-,-,-,0.59,-
25-Jul-11,-,-,-,0.60,-
24-Jul-11,-,-,-,0.60,-
23-Jul-11,-,-,-,0.60,-
22-Jul-11,-,-,-,0.60,-
21-Jul-11,-,-,-,0.59,-
20-Jul-11,-,-,-,0.59,-
19-Jul-11,-,-,-,0.59,-
18-Jul-11,-,-,-,0.59,-
17-Jul-11,-,-,-,0.58,-
16-Jul-11,-,-,-,0.58,-
15-Jul-11,-,-,-,0.59,-
14-Jul-11,-,-,-,0.59,-
13-Jul-11,-,-,-,0.59,-
12-Jul-11,-,-,-,0.60,-
11-Jul-11,-,-,-,0.60,-
10-Jul-11,-,-,-,0.60,-
9-Jul-11,-,-,-,0.60,-
8-Jul-11,-,-,-,0.61,-
7-Jul-11,-,-,-,0.60,-
6-Jul-11,-,-,-,0.60,-
5-Jul-11,-,-,-,0.60,-
4-Jul-11,-,-,-,0.60,-
3-Jul-11,-,-,-,0.60,-
2-Jul-11,-,-,-,0.59,-
1-Jul-11,-,-,-,0.59,-
30-Jun-11,-,-,-,0.59,-
29-Jun-11,-,-,-,0.58,-
28-Jun-11,-,-,-,0.58,-
27-Jun-11,-,-,-,0.58,-
26-Jun-11,-,-,-,0.58,-
25-Jun-11,-,-,-,0.57,-
24-Jun-11,-,-,-,0.57,-
23-Jun-11,-,-,-,0.57,-
22-Jun-11,-,-,-,0.57,-
21-Jun-11,-,-,-,0.57,-
20-Jun-11,-,-,-,0.57,-
19-Jun-11,-,-,-,0.57,-
18-Jun-11,-,-,-,0.57,-
17-Jun-11,-,-,-,0.57,-
16-Jun-11,-,-,-,0.57,-
15-Jun-11,-,-,-,0.57,-
14-Jun-11,-,-,-,0.57,-
13-Jun-11,-,-,-,0.57,-
12-Jun-11,-,-,-,0.57,-
11-Jun-11,-,-,-,0.56,-
10-Jun-11,-,-,-,0.56,-
9-Jun-11,-,-,-,0.56,-
8-Jun-11,-,-,-,0.56,-
7-Jun-11,-,-,-,0.56,-
6-Jun-11,-,-,-,0.56,-
5-Jun-11,-,-,-,0.58,-
4-Jun-11,-,-,-,0.58,-
3-Jun-11,-,-,-,0.59,-
2-Jun-11,-,-,-,0.59,-
1-Jun-11,-,-,-,0.59,-
31-May-11,-,-,-,0.58,-
30-May-11,-,-,-,0.58,-
29-May-11,-,-,-,0.56,-
28-May-11,-,-,-,0.56,-
27-May-11,-,-,-,0.55,-
26-May-11,-,-,-,0.55,-
25-May-11,-,-,-,0.54,-
24-May-11,-,-,-,0.54,-
23-May-11,-,-,-,0.54,-
22-May-11,-,-,-,0.54,-
21-May-11,-,-,-,0.55,-
20-May-11,-,-,-,0.56,-
19-May-11,-,-,-,0.56,-
18-May-11,-,-,-,0.56,-
17-May-11,-,-,-,0.57,-
16-May-11,-,-,-,0.57,-
15-May-11,-,-,-,0.57,-
14-May-11,-,-,-,0.56,-
13-May-11,-,-,-,0.56,-
12-May-11,-,-,-,0.55,-
11-May-11,-,-,-,0.55,-
10-May-11,-,-,-,0.55,-
9-May-11,-,-,-,0.54,-
8-May-11,-,-,-,0.54,-
7-May-11,-,-,-,0.54,-
6-May-11,-,-,-,0.54,-
5-May-11,-,-,-,0.54,-
4-May-11,-,-,-,0.53,-
3-May-11,-,-,-,0.53,-
2-May-11,-,-,-,0.53,-
1-May-11,-,-,-,0.54,-
30-Apr-11,-,-,-,0.53,-
29-Apr-11,-,-,-,0.54,-
28-Apr-11,-,-,-,0.54,-
27-Apr-11,-,-,-,0.55,-
26-Apr-11,-,-,-,0.55,-
25-Apr-11,-,-,-,0.55,-
24-Apr-11,-,-,-,0.55,-
23-Apr-11,-,-,-,0.55,-
22-Apr-11,-,-,-,0.55,-
21-Apr-11,-,-,-,0.55,-
20-Apr-11,-,-,-,0.55,-
19-Apr-11,-,-,-,0.55,-
18-Apr-11,-,-,-,0.54,-
17-Apr-11,-,-,-,0.55,-
16-Apr-11,-,-,-,0.55,-
15-Apr-11,-,-,-,0.55,-
14-Apr-11,-,-,-,0.55,-
13-Apr-11,-,-,-,0.55,-
12-Apr-11,-,-,-,0.55,-
11-Apr-11,-,-,-,0.55,-
10-Apr-11,-,-,-,0.55,-
9-Apr-11,-,-,-,0.55,-
8-Apr-11,-,-,-,0.55,-
7-Apr-11,-,-,-,0.55,-
6-Apr-11,-,-,-,0.55,-
5-Apr-11,-,-,-,0.56,-
4-Apr-11,-,-,-,0.56,-
3-Apr-11,-,-,-,0.56,-
2-Apr-11,-,-,-,0.56,-
1-Apr-11,-,-,-,0.57,-
31-Mar-11,-,-,-,0.57,-
30-Mar-11,-,-,-,0.57,-
29-Mar-11,-,-,-,0.57,-
28-Mar-11,-,-,-,0.57,-
27-Mar-11,-,-,-,0.57,-
26-Mar-11,-,-,-,0.56,-
25-Mar-11,-,-,-,0.56,-
24-Mar-11,-,-,-,0.56,-
23-Mar-11,-,-,-,0.56,-
22-Mar-11,-,-,-,0.56,-
21-Mar-11,-,-,-,0.56,-
20-Mar-11,-,-,-,0.56,-
19-Mar-11,-,-,-,0.55,-
18-Mar-11,-,-,-,0.55,-
17-Mar-11,-,-,-,0.55,-
16-Mar-11,-,-,-,0.55,-
15-Mar-11,-,-,-,0.55,-
14-Mar-11,-,-,-,0.56,-
13-Mar-11,-,-,-,0.56,-
12-Mar-11,-,-,-,0.57,-
11-Mar-11,-,-,-,0.57,-
10-Mar-11,-,-,-,0.58,-
9-Mar-11,-,-,-,0.58,-
8-Mar-11,-,-,-,0.58,-
7-Mar-11,-,-,-,0.57,-
6-Mar-11,-,-,-,0.57,-
5-Mar-11,-,-,-,0.57,-
4-Mar-11,-,-,-,0.57,-
3-Mar-11,-,-,-,0.58,-
2-Mar-11,-,-,-,0.57,-
1-Mar-11,-,-,-,0.58,-
28-Feb-11,-,-,-,0.58,-
27-Feb-11,-,-,-,0.59,-
26-Feb-11,-,-,-,0.59,-
25-Feb-11,-,-,-,0.59,-
24-Feb-11,-,-,-,0.58,-
23-Feb-11,-,-,-,0.58,-
22-Feb-11,-,-,-,0.58,-
21-Feb-11,-,-,-,0.58,-
20-Feb-11,-,-,-,0.57,-
19-Feb-11,-,-,-,0.57,-
18-Feb-11,-,-,-,0.57,-
17-Feb-11,-,-,-,0.57,-
16-Feb-11,-,-,-,0.57,-
15-Feb-11,-,-,-,0.57,-
14-Feb-11,-,-,-,0.58,-
13-Feb-11,-,-,-,0.58,-
12-Feb-11,-,-,-,0.58,-
11-Feb-11,-,-,-,0.58,-
10-Feb-11,-,-,-,0.58,-
9-Feb-11,-,-,-,0.59,-
8-Feb-11,-,-,-,0.59,-
7-Feb-11,-,-,-,0.59,-
6-Feb-11,-,-,-,0.59,-
5-Feb-11,-,-,-,0.60,-
4-Feb-11,-,-,-,0.60,-
3-Feb-11,-,-,-,0.60,-
2-Feb-11,-,-,-,0.60,-
1-Feb-11,-,-,-,0.60,-
31-Jan-11,-,-,-,0.61,-
30-Jan-11,-,-,-,0.61,-
29-Jan-11,-,-,-,0.61,-
28-Jan-11,-,-,-,0.61,-
27-Jan-11,-,-,-,0.61,-
26-Jan-11,-,-,-,0.60,-
25-Jan-11,-,-,-,0.61,-
24-Jan-11,-,-,-,0.61,-
23-Jan-11,-,-,-,0.62,-
22-Jan-11,-,-,-,0.62,-
21-Jan-11,-,-,-,0.62,-
20-Jan-11,-,-,-,0.62,-
19-Jan-11,-,-,-,0.63,-
18-Jan-11,-,-,-,0.63,-
17-Jan-11,-,-,-,0.63,-
16-Jan-11,-,-,-,0.63,-
15-Jan-11,-,-,-,0.63,-
14-Jan-11,-,-,-,0.63,-
13-Jan-11,-,-,-,0.63,-
12-Jan-11,-,-,-,0.64,-
11-Jan-11,-,-,-,0.64,-
10-Jan-11,-,-,-,0.66,-
9-Jan-11,-,-,-,0.66,-
8-Jan-11,-,-,-,0.67,-
7-Jan-11,-,-,-,0.67,-
6-Jan-11,-,-,-,0.68,-
5-Jan-11,-,-,-,0.69,-
4-Jan-11,-,-,-,0.69,-
3-Jan-11,-,-,-,0.70,-
2-Jan-11,-,-,-,0.72,-
1-Jan-11,-,-,-,0.72,-
31-Dec-10,-,-,-,0.71,-
30-Dec-10,-,-,-,0.70,-
29-Dec-10,-,-,-,0.70,-
28-Dec-10,-,-,-,0.69,-
27-Dec-10,-,-,-,0.68,-
26-Dec-10,-,-,-,0.67,-
25-Dec-10,-,-,-,0.66,-
24-Dec-10,-,-,-,0.67,-
23-Dec-10,-,-,-,0.68,-
22-Dec-10,-,-,-,0.68,-
21-Dec-10,-,-,-,0.67,-
20-Dec-10,-,-,-,0.67,-
19-Dec-10,-,-,-,0.67,-
18-Dec-10,-,-,-,0.66,-
17-Dec-10,-,-,-,0.66,-
16-Dec-10,-,-,-,0.66,-
15-Dec-10,-,-,-,0.66,-
14-Dec-10,-,-,-,0.66,-
13-Dec-10,-,-,-,0.65,-
12-Dec-10,-,-,-,0.65,-
11-Dec-10,-,-,-,0.65,-
10-Dec-10,-,-,-,0.65,-
9-Dec-10,-,-,-,0.64,-
8-Dec-10,-,-,-,0.65,-
7-Dec-10,-,-,-,0.65,-
6-Dec-10,-,-,-,0.66,-
5-Dec-10,-,-,-,0.66,-
4-Dec-10,-,-,-,0.68,-
3-Dec-10,-,-,-,0.70,-
2-Dec-10,-,-,-,0.74,-
1-Dec-10,-,-,-,0.77,-
30-Nov-10,-,-,-,0.78,-
29-Nov-10,-,-,-,0.78,-
28-Nov-10,-,-,-,0.77,-
27-Nov-10,-,-,-,0.76,-
26-Nov-10,-,-,-,0.75,-
25-Nov-10,-,-,-,0.71,-
24-Nov-10,-,-,-,0.67,-
23-Nov-10,-,-,-,0.66,-
22-Nov-10,-,-,-,0.65,-
21-Nov-10,-,-,-,0.65,-
20-Nov-10,-,-,-,0.64,-
19-Nov-10,-,-,-,0.63,-
18-Nov-10,-,-,-,0.63,-
17-Nov-10,-,-,-,0.63,-
16-Nov-10,-,-,-,0.63,-
15-Nov-10,-,-,-,0.62,-
14-Nov-10,-,-,-,0.61,-
13-Nov-10,-,-,-,0.60,-
12-Nov-10,-,-,-,0.60,-
11-Nov-10,-,-,-,0.59,-
10-Nov-10,-,-,-,0.58,-
9-Nov-10,-,-,-,0.58,-
8-Nov-10,-,-,-,0.57,-
7-Nov-10,-,-,-,0.56,-
6-Nov-10,-,-,-,0.55,-
5-Nov-10,-,-,-,0.55,-
4-Nov-10,-,-,-,0.54,-
3-Nov-10,-,-,-,0.54,-
2-Nov-10,-,-,-,0.55,-
1-Nov-10,-,-,-,0.55,-
31-Oct-10,-,-,-,0.55,-
30-Oct-10,-,-,-,0.55,-
29-Oct-10,-,-,-,0.55,-
28-Oct-10,-,-,-,0.55,-
27-Oct-10,-,-,-,0.55,-
26-Oct-10,-,-,-,0.55,-
25-Oct-10,-,-,-,0.55,-
24-Oct-10,-,-,-,0.55,-
23-Oct-10,-,-,-,0.54,-
22-Oct-10,-,-,-,0.54,-
21-Oct-10,-,-,-,0.54,-
20-Oct-10,-,-,-,0.54,-
19-Oct-10,-,-,-,0.54,-
18-Oct-10,-,-,-,0.54,-
17-Oct-10,-,-,-,0.54,-
16-Oct-10,-,-,-,0.54,-
15-Oct-10,-,-,-,0.54,-
14-Oct-10,-,-,-,0.54,-
13-Oct-10,-,-,-,0.54,-
12-Oct-10,-,-,-,0.54,-
11-Oct-10,-,-,-,0.54,-
10-Oct-10,-,-,-,0.54,-
9-Oct-10,-,-,-,0.54,-
8-Oct-10,-,-,-,0.54,-
7-Oct-10,-,-,-,0.54,-
6-Oct-10,-,-,-,0.54,-
5-Oct-10,-,-,-,0.53,-
4-Oct-10,-,-,-,0.53,-
3-Oct-10,-,-,-,0.53,-
2-Oct-10,-,-,-,0.53,-
1-Oct-10,-,-,-,0.53,-
30-Sep-10,-,-,-,0.53,-
29-Sep-10,-,-,-,0.54,-
28-Sep-10,-,-,-,0.54,-
27-Sep-10,-,-,-,0.53,-
26-Sep-10,-,-,-,0.53,-
25-Sep-10,-,-,-,0.53,-
24-Sep-10,-,-,-,0.53,-
23-Sep-10,-,-,-,0.53,-
22-Sep-10,-,-,-,0.53,-
21-Sep-10,-,-,-,0.53,-
20-Sep-10,-,-,-,0.53,-
19-Sep-10,-,-,-,0.53,-
18-Sep-10,-,-,-,0.53,-
17-Sep-10,-,-,-,0.53,-
16-Sep-10,-,-,-,0.53,-
15-Sep-10,-,-,-,0.53,-
14-Sep-10,-,-,-,0.53,-
13-Sep-10,-,-,-,0.54,-
12-Sep-10,-,-,-,0.55,-
11-Sep-10,-,-,-,0.56,-
10-Sep-10,-,-,-,0.57,-
9-Sep-10,-,-,-,0.57,-
8-Sep-10,-,-,-,0.57,-
7-Sep-10,-,-,-,0.57,-
6-Sep-10,-,-,-,0.57,-
5-Sep-10,-,-,-,0.56,-
4-Sep-10,-,-,-,0.55,-
3-Sep-10,-,-,-,0.55,-
2-Sep-10,-,-,-,0.55,-
1-Sep-10,-,-,-,0.55,-
31-Aug-10,-,-,-,0.55,-
30-Aug-10,-,-,-,0.56,-
29-Aug-10,-,-,-,0.56,-
28-Aug-10,-,-,-,0.56,-
27-Aug-10,-,-,-,0.56,-
26-Aug-10,-,-,-,0.56,-
25-Aug-10,-,-,-,0.56,-
24-Aug-10,-,-,-,0.56,-
23-Aug-10,-,-,-,0.57,-
22-Aug-10,-,-,-,0.56,-
21-Aug-10,-,-,-,0.56,-
20-Aug-10,-,-,-,0.56,-
19-Aug-10,-,-,-,0.56,-
18-Aug-10,-,-,-,0.56,-
17-Aug-10,-,-,-,0.56,-
16-Aug-10,-,-,-,0.56,-
15-Aug-10,-,-,-,0.57,-
14-Aug-10,-,-,-,0.56,-
13-Aug-10,-,-,-,0.56,-
12-Aug-10,-,-,-,0.56,-
11-Aug-10,-,-,-,0.56,-
10-Aug-10,-,-,-,0.57,-
9-Aug-10,-,-,-,0.57,-
8-Aug-10,-,-,-,0.57,-
7-Aug-10,-,-,-,0.57,-
6-Aug-10,-,-,-,0.58,-
5-Aug-10,-,-,-,0.58,-
4-Aug-10,-,-,-,0.58,-
3-Aug-10,-,-,-,0.58,-
2-Aug-10,-,-,-,0.59,-
1-Aug-10,-,-,-,0.59,-
31-Jul-10,-,-,-,0.59,-
30-Jul-10,-,-,-,0.59,-
29-Jul-10,-,-,-,0.59,-
28-Jul-10,-,-,-,0.59,-
27-Jul-10,-,-,-,0.59,-
26-Jul-10,-,-,-,0.59,-
25-Jul-10,-,-,-,0.59,-
24-Jul-10,-,-,-,0.59,-
23-Jul-10,-,-,-,0.59,-
22-Jul-10,-,-,-,0.59,-
21-Jul-10,-,-,-,0.59,-
20-Jul-10,-,-,-,0.59,-
19-Jul-10,-,-,-,0.59,-
18-Jul-10,-,-,-,0.59,-
17-Jul-10,-,-,-,0.59,-
16-Jul-10,-,-,-,0.59,-
15-Jul-10,-,-,-,0.59,-
14-Jul-10,-,-,-,0.59,-
13-Jul-10,-,-,-,0.60,-
12-Jul-10,-,-,-,0.60,-
11-Jul-10,-,-,-,0.61,-
10-Jul-10,-,-,-,0.60,-
9-Jul-10,-,-,-,0.60,-
8-Jul-10,-,-,-,0.60,-
7-Jul-10,-,-,-,0.60,-
6-Jul-10,-,-,-,0.60,-
5-Jul-10,-,-,-,0.59,-
4-Jul-10,-,-,-,0.59,-
3-Jul-10,-,-,-,0.60,-
2-Jul-10,-,-,-,0.61,-
1-Jul-10,-,-,-,0.61,-
30-Jun-10,-,-,-,0.61,-
29-Jun-10,-,-,-,0.61,-
28-Jun-10,-,-,-,0.61,-
27-Jun-10,-,-,-,0.61,-
26-Jun-10,-,-,-,0.61,-
25-Jun-10,-,-,-,0.61,-
24-Jun-10,-,-,-,0.60,-
23-Jun-10,-,-,-,0.60,-
22-Jun-10,-,-,-,0.60,-
21-Jun-10,-,-,-,0.60,-
20-Jun-10,-,-,-,0.60,-
19-Jun-10,-,-,-,0.59,-
18-Jun-10,-,-,-,0.59,-
17-Jun-10,-,-,-,0.59,-
16-Jun-10,-,-,-,0.59,-
15-Jun-10,-,-,-,0.59,-
14-Jun-10,-,-,-,0.59,-
13-Jun-10,-,-,-,0.60,-
12-Jun-10,-,-,-,0.60,-
11-Jun-10,-,-,-,0.61,-
10-Jun-10,-,-,-,0.62,-
9-Jun-10,-,-,-,0.64,-
8-Jun-10,-,-,-,0.64,-
7-Jun-10,-,-,-,0.64,-
6-Jun-10,-,-,-,0.64,-
5-Jun-10,-,-,-,0.63,-
4-Jun-10,-,-,-,0.63,-
3-Jun-10,-,-,-,0.62,-
2-Jun-10,-,-,-,0.60,-
1-Jun-10,-,-,-,0.60,-
31-May-10,-,-,-,0.59,-
30-May-10,-,-,-,0.58,-
29-May-10,-,-,-,0.59,-
28-May-10,-,-,-,0.58,-
27-May-10,-,-,-,0.58,-
26-May-10,-,-,-,0.57,-
25-May-10,-,-,-,0.57,-
24-May-10,-,-,-,0.57,-
23-May-10,-,-,-,0.57,-
22-May-10,-,-,-,0.57,-
21-May-10,-,-,-,0.57,-
20-May-10,-,-,-,0.57,-
19-May-10,-,-,-,0.57,-
18-May-10,-,-,-,0.57,-
17-May-10,-,-,-,0.57,-
16-May-10,-,-,-,0.57,-
15-May-10,-,-,-,0.57,-
14-May-10,-,-,-,0.57,-
13-May-10,-,-,-,0.57,-
12-May-10,-,-,-,0.58,-
11-May-10,-,-,-,0.58,-
10-May-10,-,-,-,0.58,-
9-May-10,-,-,-,0.58,-
8-May-10,-,-,-,0.59,-
7-May-10,-,-,-,0.59,-
6-May-10,-,-,-,0.59,-
5-May-10,-,-,-,0.59,-
4-May-10,-,-,-,0.59,-
3-May-10,-,-,-,0.59,-
2-May-10,-,-,-,0.58,-
1-May-10,-,-,-,0.59,-
30-Apr-10,-,-,-,0.60,-
29-Apr-10,-,-,-,0.60,-
28-Apr-10,-,-,-,0.61,-
27-Apr-10,-,-,-,0.61,-
26-Apr-10,-,-,-,0.61,-
25-Apr-10,-,-,-,0.62,-
24-Apr-10,-,-,-,0.61,-
23-Apr-10,-,-,-,0.62,-
22-Apr-10,-,-,-,0.62,-
21-Apr-10,-,-,-,0.61,-
20-Apr-10,-,-,-,0.60,-
19-Apr-10,-,-,-,0.60,-
18-Apr-10,-,-,-,0.60,-
17-Apr-10,-,-,-,0.59,-
16-Apr-10,-,-,-,0.58,-
15-Apr-10,-,-,-,0.58,-
14-Apr-10,-,-,-,0.58,-
13-Apr-10,-,-,-,0.59,-
12-Apr-10,-,-,-,0.59,-
11-Apr-10,-,-,-,0.59,-
10-Apr-10,-,-,-,0.59,-
9-Apr-10,-,-,-,0.59,-
8-Apr-10,-,-,-,0.59,-
7-Apr-10,-,-,-,0.59,-
6-Apr-10,-,-,-,0.58,-
5-Apr-10,-,-,-,0.57,-
4-Apr-10,-,-,-,0.58,-
3-Apr-10,-,-,-,0.58,-
2-Apr-10,-,-,-,0.58,-
1-Apr-10,-,-,-,0.59,-
31-Mar-10,-,-,-,0.59,-
30-Mar-10,-,-,-,0.59,-
29-Mar-10,-,-,-,0.59,-
28-Mar-10,-,-,-,0.58,-
27-Mar-10,-,-,-,0.58,-
26-Mar-10,-,-,-,0.58,-
25-Mar-10,-,-,-,0.57,-
24-Mar-10,-,-,-,0.57,-
23-Mar-10,-,-,-,0.57,-
22-Mar-10,-,-,-,0.57,-
21-Mar-10,-,-,-,0.57,-
20-Mar-10,-,-,-,0.57,-
19-Mar-10,-,-,-,0.58,-
18-Mar-10,-,-,-,0.58,-
17-Mar-10,-,-,-,0.58,-
16-Mar-10,-,-,-,0.58,-
15-Mar-10,-,-,-,0.58,-
14-Mar-10,-,-,-,0.58,-
13-Mar-10,-,-,-,0.58,-
12-Mar-10,-,-,-,0.58,-
11-Mar-10,-,-,-,0.59,-
10-Mar-10,-,-,-,0.59,-
9-Mar-10,-,-,-,0.59,-
8-Mar-10,-,-,-,0.59,-
7-Mar-10,-,-,-,0.60,-
6-Mar-10,-,-,-,0.60,-
5-Mar-10,-,-,-,0.60,-
4-Mar-10,-,-,-,0.61,-
3-Mar-10,-,-,-,0.61,-
2-Mar-10,-,-,-,0.61,-
1-Mar-10,-,-,-,0.60,-
28-Feb-10,-,-,-,0.60,-
27-Feb-10,-,-,-,0.60,-
26-Feb-10,-,-,-,0.60,-
25-Feb-10,-,-,-,0.60,-
24-Feb-10,-,-,-,0.60,-
23-Feb-10,-,-,-,0.60,-
22-Feb-10,-,-,-,0.61,-
21-Feb-10,-,-,-,0.63,-
20-Feb-10,-,-,-,0.63,-
19-Feb-10,-,-,-,0.63,-
18-Feb-10,-,-,-,0.64,-
17-Feb-10,-,-,-,0.64,-
16-Feb-10,-,-,-,0.64,-
15-Feb-10,-,-,-,0.64,-
14-Feb-10,-,-,-,0.63,-
13-Feb-10,-,-,-,0.62,-
12-Feb-10,-,-,-,0.63,-
11-Feb-10,-,-,-,0.62,-
10-Feb-10,-,-,-,0.61,-
9-Feb-10,-,-,-,0.61,-
8-Feb-10,-,-,-,0.61,-
7-Feb-10,-,-,-,0.61,-
6-Feb-10,-,-,-,0.61,-
5-Feb-10,-,-,-,0.61,-
4-Feb-10,-,-,-,0.61,-
3-Feb-10,-,-,-,0.61,-
2-Feb-10,-,-,-,0.61,-
1-Feb-10,-,-,-,0.61,-
31-Jan-10,-,-,-,0.61,-
30-Jan-10,-,-,-,0.61,-
29-Jan-10,-,-,-,0.60,-
28-Jan-10,-,-,-,0.60,-
27-Jan-10,-,-,-,0.61,-
26-Jan-10,-,-,-,0.61,-
25-Jan-10,-,-,-,0.61,-
24-Jan-10,-,-,-,0.63,-
23-Jan-10,-,-,-,0.63,-
22-Jan-10,-,-,-,0.63,-
21-Jan-10,-,-,-,0.63,-
20-Jan-10,-,-,-,0.63,-
19-Jan-10,-,-,-,0.63,-
18-Jan-10,-,-,-,0.63,-
17-Jan-10,-,-,-,0.63,-
16-Jan-10,-,-,-,0.63,-
15-Jan-10,-,-,-,0.64,-
14-Jan-10,-,-,-,0.66,-
13-Jan-10,-,-,-,0.66,-
12-Jan-10,-,-,-,0.67,-
11-Jan-10,-,-,-,0.68,-
10-Jan-10,-,-,-,0.68,-
9-Jan-10,-,-,-,0.69,-
8-Jan-10,-,-,-,0.69,-
7-Jan-10,-,-,-,0.70,-
6-Jan-10,-,-,-,0.71,-
5-Jan-10,-,-,-,0.72,-
4-Jan-10,-,-,-,0.73,-
3-Jan-10,-,-,-,0.75,-
2-Jan-10,-,-,-,0.76,-
1-Jan-10,-,-,-,0.77,-
31-Dec-09,-,-,-,0.76,-
30-Dec-09,-,-,-,0.76,-
29-Dec-09,-,-,-,0.75,-
28-Dec-09,-,-,-,0.75,-
27-Dec-09,-,-,-,0.74,-
26-Dec-09,-,-,-,0.72,-
25-Dec-09,-,-,-,0.70,-
24-Dec-09,-,-,-,0.70,-
23-Dec-09,-,-,-,0.70,-
22-Dec-09,-,-,-,0.70,-
21-Dec-09,-,-,-,0.70,-
20-Dec-09,-,-,-,0.70,-
19-Dec-09,-,-,-,0.70,-
18-Dec-09,-,-,-,0.70,-
17-Dec-09,-,-,-,0.70,-
16-Dec-09,-,-,-,0.70,-
15-Dec-09,-,-,-,0.70,-
14-Dec-09,-,-,-,0.70,-
13-Dec-09,-,-,-,0.69,-
12-Dec-09,-,-,-,0.69,-
11-Dec-09,-,-,-,0.69,-
10-Dec-09,-,-,-,0.69,-
9-Dec-09,-,-,-,0.68,-
8-Dec-09,-,-,-,0.68,-
7-Dec-09,-,-,-,0.68,-
6-Dec-09,-,-,-,0.69,-
5-Dec-09,-,-,-,0.70,-
4-Dec-09,-,-,-,0.72,-
3-Dec-09,-,-,-,0.76,-
2-Dec-09,-,-,-,0.79,-
1-Dec-09,-,-,-,0.80,-
30-Nov-09,-,-,-,0.80,-
29-Nov-09,-,-,-,0.80,-
28-Nov-09,-,-,-,0.79,-
27-Nov-09,-,-,-,0.77,-
26-Nov-09,-,-,-,0.73,-
25-Nov-09,-,-,-,0.71,-
24-Nov-09,-,-,-,0.69,-
23-Nov-09,-,-,-,0.68,-
22-Nov-09,-,-,-,0.67,-
21-Nov-09,-,-,-,0.66,-
20-Nov-09,-,-,-,0.66,-
19-Nov-09,-,-,-,0.65,-
18-Nov-09,-,-,-,0.65,-
17-Nov-09,-,-,-,0.65,-
16-Nov-09,-,-,-,0.64,-
15-Nov-09,-,-,-,0.64,-
14-Nov-09,-,-,-,0.64,-
13-Nov-09,-,-,-,0.63,-
12-Nov-09,-,-,-,0.63,-
11-Nov-09,-,-,-,0.63,-
10-Nov-09,-,-,-,0.63,-
9-Nov-09,-,-,-,0.63,-
8-Nov-09,-,-,-,0.63,-
7-Nov-09,-,-,-,0.62,-
6-Nov-09,-,-,-,0.62,-
5-Nov-09,-,-,-,0.62,-
4-Nov-09,-,-,-,0.61,-
3-Nov-09,-,-,-,0.61,-
2-Nov-09,-,-,-,0.61,-
1-Nov-09,-,-,-,0.60,-
31-Oct-09,-,-,-,0.60,-
30-Oct-09,-,-,-,0.60,-
29-Oct-09,-,-,-,0.60,-
28-Oct-09,-,-,-,0.60,-
27-Oct-09,-,-,-,0.60,-
26-Oct-09,-,-,-,0.60,-
25-Oct-09,-,-,-,0.60,-
24-Oct-09,-,-,-,0.60,-
23-Oct-09,-,-,-,0.60,-
22-Oct-09,-,-,-,0.60,-
21-Oct-09,-,-,-,0.60,-
20-Oct-09,-,-,-,0.61,-
19-Oct-09,-,-,-,0.61,-
18-Oct-09,-,-,-,0.61,-
17-Oct-09,-,-,-,0.61,-
16-Oct-09,-,-,-,0.61,-
15-Oct-09,-,-,-,0.61,-
14-Oct-09,-,-,-,0.61,-
13-Oct-09,-,-,-,0.60,-
12-Oct-09,-,-,-,0.59,-
11-Oct-09,-,-,-,0.59,-
10-Oct-09,-,-,-,0.59,-
9-Oct-09,-,-,-,0.58,-
8-Oct-09,-,-,-,0.58,-
7-Oct-09,-,-,-,0.58,-
6-Oct-09,-,-,-,0.58,-
5-Oct-09,-,-,-,0.59,-
4-Oct-09,-,-,-,0.59,-
3-Oct-09,-,-,-,0.59,-
2-Oct-09,-,-,-,0.59,-
1-Oct-09,-,-,-,0.59,-
30-Sep-09,-,-,-,0.59,-
29-Sep-09,-,-,-,0.59,-
28-Sep-09,-,-,-,0.59,-
27-Sep-09,-,-,-,0.59,-
26-Sep-09,-,-,-,0.59,-
25-Sep-09,-,-,-,0.59,-
24-Sep-09,-,-,-,0.59,-
23-Sep-09,-,-,-,0.59,-
22-Sep-09,-,-,-,0.59,-
21-Sep-09,-,-,-,0.58,-
20-Sep-09,-,-,-,0.58,-
19-Sep-09,-,-,-,0.58,-
18-Sep-09,-,-,-,0.58,-
17-Sep-09,-,-,-,0.58,-
16-Sep-09,-,-,-,0.58,-
15-Sep-09,-,-,-,0.58,-
14-Sep-09,-,-,-,0.59,-
13-Sep-09,-,-,-,0.61,-
12-Sep-09,-,-,-,0.62,-
11-Sep-09,-,-,-,0.62,-
10-Sep-09,-,-,-,0.63,-
9-Sep-09,-,-,-,0.63,-
8-Sep-09,-,-,-,0.63,-
7-Sep-09,-,-,-,0.63,-
6-Sep-09,-,-,-,0.62,-
5-Sep-09,-,-,-,0.62,-
4-Sep-09,-,-,-,0.62,-
3-Sep-09,-,-,-,0.63,-
2-Sep-09,-,-,-,0.63,-
1-Sep-09,-,-,-,0.63,-
31-Aug-09,-,-,-,0.64,-
30-Aug-09,-,-,-,0.65,-
29-Aug-09,-,-,-,0.65,-
28-Aug-09,-,-,-,0.65,-
27-Aug-09,-,-,-,0.65,-
26-Aug-09,-,-,-,0.64,-
25-Aug-09,-,-,-,0.64,-
24-Aug-09,-,-,-,0.63,-
23-Aug-09,-,-,-,0.63,-
22-Aug-09,-,-,-,0.62,-
21-Aug-09,-,-,-,0.61,-
20-Aug-09,-,-,-,0.62,-
19-Aug-09,-,-,-,0.61,-
18-Aug-09,-,-,-,0.61,-
17-Aug-09,-,-,-,0.61,-
16-Aug-09,-,-,-,0.61,-
15-Aug-09,-,-,-,0.61,-
14-Aug-09,-,-,-,0.62,-
13-Aug-09,-,-,-,0.61,-
12-Aug-09,-,-,-,0.62,-
11-Aug-09,-,-,-,0.62,-
10-Aug-09,-,-,-,0.62,-
9-Aug-09,-,-,-,0.62,-
8-Aug-09,-,-,-,0.62,-
7-Aug-09,-,-,-,0.63,-
6-Aug-09,-,-,-,0.63,-
5-Aug-09,-,-,-,0.63,-
4-Aug-09,-,-,-,0.63,-
3-Aug-09,-,-,-,0.63,-
2-Aug-09,-,-,-,0.63,-
1-Aug-09,-,-,-,0.62,-
31-Jul-09,-,-,-,0.62,-
30-Jul-09,-,-,-,0.61,-
29-Jul-09,-,-,-,0.61,-
28-Jul-09,-,-,-,0.61,-
27-Jul-09,-,-,-,0.61,-
26-Jul-09,-,-,-,0.61,-
25-Jul-09,-,-,-,0.61,-
24-Jul-09,-,-,-,0.61,-
23-Jul-09,-,-,-,0.61,-
22-Jul-09,-,-,-,0.61,-
21-Jul-09,-,-,-,0.61,-
20-Jul-09,-,-,-,0.61,-
19-Jul-09,-,-,-,0.60,-
18-Jul-09,-,-,-,0.61,-
17-Jul-09,-,-,-,0.61,-
16-Jul-09,-,-,-,0.61,-
15-Jul-09,-,-,-,0.61,-
14-Jul-09,-,-,-,0.61,-
13-Jul-09,-,-,-,0.61,-
12-Jul-09,-,-,-,0.61,-
11-Jul-09,-,-,-,0.61,-
10-Jul-09,-,-,-,0.61,-
9-Jul-09,-,-,-,0.61,-
8-Jul-09,-,-,-,0.61,-
7-Jul-09,-,-,-,0.61,-
6-Jul-09,-,-,-,0.61,-
5-Jul-09,-,-,-,0.61,-
4-Jul-09,-,-,-,0.61,-
3-Jul-09,-,-,-,0.61,-
2-Jul-09,-,-,-,0.60,-
1-Jul-09,-,-,-,0.59,-
30-Jun-09,-,-,-,0.60,-
29-Jun-09,-,-,-,0.59,-
28-Jun-09,-,-,-,0.59,-
27-Jun-09,-,-,-,0.59,-
26-Jun-09,-,-,-,0.60,-
25-Jun-09,-,-,-,0.60,-
24-Jun-09,-,-,-,0.60,-
23-Jun-09,-,-,-,0.60,-
22-Jun-09,-,-,-,0.60,-
21-Jun-09,-,-,-,0.60,-
20-Jun-09,-,-,-,0.60,-
19-Jun-09,-,-,-,0.59,-
18-Jun-09,-,-,-,0.59,-
17-Jun-09,-,-,-,0.59,-
16-Jun-09,-,-,-,0.59,-
15-Jun-09,-,-,-,0.59,-
14-Jun-09,-,-,-,0.59,-
13-Jun-09,-,-,-,0.58,-
12-Jun-09,-,-,-,0.59,-
11-Jun-09,-,-,-,0.59,-
10-Jun-09,-,-,-,0.59,-
9-Jun-09,-,-,-,0.58,-
8-Jun-09,-,-,-,0.58,-
7-Jun-09,-,-,-,0.58,-
6-Jun-09,-,-,-,0.58,-
5-Jun-09,-,-,-,0.58,-
4-Jun-09,-,-,-,0.58,-
3-Jun-09,-,-,-,0.58,-
2-Jun-09,-,-,-,0.59,-
1-Jun-09,-,-,-,0.60,-
31-May-09,-,-,-,0.61,-
30-May-09,-,-,-,0.61,-
29-May-09,-,-,-,0.61,-
28-May-09,-,-,-,0.60,-
27-May-09,-,-,-,0.60,-
26-May-09,-,-,-,0.59,-
25-May-09,-,-,-,0.58,-
24-May-09,-,-,-,0.57,-
23-May-09,-,-,-,0.57,-
22-May-09,-,-,-,0.57,-
21-May-09,-,-,-,0.57,-
20-May-09,-,-,-,0.57,-
19-May-09,-,-,-,0.57,-
18-May-09,-,-,-,0.57,-
17-May-09,-,-,-,0.57,-
16-May-09,-,-,-,0.56,-
15-May-09,-,-,-,0.56,-
14-May-09,-,-,-,0.56,-
13-May-09,-,-,-,0.56,-
12-May-09,-,-,-,0.56,-
11-May-09,-,-,-,0.56,-
10-May-09,-,-,-,0.57,-
9-May-09,-,-,-,0.57,-
8-May-09,-,-,-,0.57,-
7-May-09,-,-,-,0.57,-
6-May-09,-,-,-,0.57,-
5-May-09,-,-,-,0.57,-
4-May-09,-,-,-,0.57,-
3-May-09,-,-,-,0.57,-
2-May-09,-,-,-,0.57,-
1-May-09,-,-,-,0.56,-
30-Apr-09,-,-,-,0.56,-
29-Apr-09,-,-,-,0.56,-
28-Apr-09,-,-,-,0.56,-
27-Apr-09,-,-,-,0.57,-
26-Apr-09,-,-,-,0.57,-
25-Apr-09,-,-,-,0.57,-
24-Apr-09,-,-,-,0.57,-
23-Apr-09,-,-,-,0.57,-
22-Apr-09,-,-,-,0.56,-
21-Apr-09,-,-,-,0.56,-
20-Apr-09,-,-,-,0.56,-
19-Apr-09,-,-,-,0.55,-
18-Apr-09,-,-,-,0.54,-
17-Apr-09,-,-,-,0.55,-
16-Apr-09,-,-,-,0.55,-
15-Apr-09,-,-,-,0.55,-
14-Apr-09,-,-,-,0.55,-
13-Apr-09,-,-,-,0.56,-
12-Apr-09,-,-,-,0.56,-
11-Apr-09,-,-,-,0.57,-
10-Apr-09,-,-,-,0.57,-
9-Apr-09,-,-,-,0.57,-
8-Apr-09,-,-,-,0.56,-
7-Apr-09,-,-,-,0.56,-
6-Apr-09,-,-,-,0.57,-
5-Apr-09,-,-,-,0.57,-
4-Apr-09,-,-,-,0.57,-
3-Apr-09,-,-,-,0.58,-
2-Apr-09,-,-,-,0.58,-
1-Apr-09,-,-,-,0.58,-
31-Mar-09,-,-,-,0.58,-
30-Mar-09,-,-,-,0.58,-
29-Mar-09,-,-,-,0.59,-
28-Mar-09,-,-,-,0.58,-
27-Mar-09,-,-,-,0.58,-
26-Mar-09,-,-,-,0.58,-
25-Mar-09,-,-,-,0.58,-
24-Mar-09,-,-,-,0.58,-
23-Mar-09,-,-,-,0.58,-
22-Mar-09,-,-,-,0.58,-
21-Mar-09,-,-,-,0.58,-
20-Mar-09,-,-,-,0.58,-
19-Mar-09,-,-,-,0.58,-
18-Mar-09,-,-,-,0.58,-
17-Mar-09,-,-,-,0.59,-
16-Mar-09,-,-,-,0.59,-
15-Mar-09,-,-,-,0.59,-
14-Mar-09,-,-,-,0.59,-
13-Mar-09,-,-,-,0.59,-
12-Mar-09,-,-,-,0.59,-
11-Mar-09,-,-,-,0.59,-
10-Mar-09,-,-,-,0.59,-
9-Mar-09,-,-,-,0.58,-
8-Mar-09,-,-,-,0.58,-
7-Mar-09,-,-,-,0.58,-
6-Mar-09,-,-,-,0.58,-
5-Mar-09,-,-,-,0.58,-
4-Mar-09,-,-,-,0.58,-
3-Mar-09,-,-,-,0.59,-
2-Mar-09,-,-,-,0.59,-
1-Mar-09,-,-,-,0.59,-
28-Feb-09,-,-,-,0.59,-
27-Feb-09,-,-,-,0.59,-
26-Feb-09,-,-,-,0.59,-
25-Feb-09,-,-,-,0.59,-
24-Feb-09,-,-,-,0.59,-
23-Feb-09,-,-,-,0.59,-
22-Feb-09,-,-,-,0.60,-
21-Feb-09,-,-,-,0.61,-
20-Feb-09,-,-,-,0.61,-
19-Feb-09,-,-,-,0.60,-
18-Feb-09,-,-,-,0.60,-
17-Feb-09,-,-,-,0.60,-
16-Feb-09,-,-,-,0.60,-
15-Feb-09,-,-,-,0.59,-
14-Feb-09,-,-,-,0.58,-
13-Feb-09,-,-,-,0.59,-
12-Feb-09,-,-,-,0.59,-
11-Feb-09,-,-,-,0.60,-
10-Feb-09,-,-,-,0.60,-
9-Feb-09,-,-,-,0.60,-
8-Feb-09,-,-,-,0.60,-
7-Feb-09,-,-,-,0.60,-
6-Feb-09,-,-,-,0.60,-
5-Feb-09,-,-,-,0.60,-
4-Feb-09,-,-,-,0.60,-
3-Feb-09,-,-,-,0.60,-
2-Feb-09,-,-,-,0.60,-
1-Feb-09,-,-,-,0.60,-
31-Jan-09,-,-,-,0.61,-
30-Jan-09,-,-,-,0.61,-
29-Jan-09,-,-,-,0.61,-
28-Jan-09,-,-,-,0.61,-
27-Jan-09,-,-,-,0.61,-
26-Jan-09,-,-,-,0.61,-
25-Jan-09,-,-,-,0.62,-
24-Jan-09,-,-,-,0.62,-
23-Jan-09,-,-,-,0.63,-
22-Jan-09,-,-,-,0.63,-
21-Jan-09,-,-,-,0.63,-
20-Jan-09,-,-,-,0.64,-
19-Jan-09,-,-,-,0.64,-
18-Jan-09,-,-,-,0.64,-
17-Jan-09,-,-,-,0.64,-
16-Jan-09,-,-,-,0.65,-
15-Jan-09,-,-,-,0.65,-
14-Jan-09,-,-,-,0.66,-
13-Jan-09,-,-,-,0.66,-
12-Jan-09,-,-,-,0.67,-
11-Jan-09,-,-,-,0.68,-
10-Jan-09,-,-,-,0.68,-
9-Jan-09,-,-,-,0.70,-
8-Jan-09,-,-,-,0.72,-
7-Jan-09,-,-,-,0.74,-
6-Jan-09,-,-,-,0.76,-
5-Jan-09,-,-,-,0.77,-
4-Jan-09,-,-,-,0.79,-
3-Jan-09,-,-,-,0.80,-
2-Jan-09,-,-,-,0.80,-
1-Jan-09,-,-,-,0.81,-
31-Dec-08,-,-,-,0.80,-
30-Dec-08,-,-,-,0.79,-
29-Dec-08,-,-,-,0.78,-
28-Dec-08,-,-,-,0.77,-
27-Dec-08,-,-,-,0.76,-
26-Dec-08,-,-,-,0.75,-
25-Dec-08,-,-,-,0.72,-
24-Dec-08,-,-,-,0.71,-
23-Dec-08,-,-,-,0.71,-
22-Dec-08,-,-,-,0.71,-
21-Dec-08,-,-,-,0.71,-
20-Dec-08,-,-,-,0.70,-
19-Dec-08,-,-,-,0.69,-
18-Dec-08,-,-,-,0.69,-
17-Dec-08,-,-,-,0.70,-
16-Dec-08,-,-,-,0.70,-
15-Dec-08,-,-,-,0.70,-
14-Dec-08,-,-,-,0.70,-
13-Dec-08,-,-,-,0.70,-
12-Dec-08,-,-,-,0.71,-
11-Dec-08,-,-,-,0.71,-
10-Dec-08,-,-,-,0.71,-
9-Dec-08,-,-,-,0.71,-
8-Dec-08,-,-,-,0.71,-
7-Dec-08,-,-,-,0.72,-
6-Dec-08,-,-,-,0.73,-
5-Dec-08,-,-,-,0.74,-
4-Dec-08,-,-,-,0.78,-
3-Dec-08,-,-,-,0.81,-
2-Dec-08,-,-,-,0.82,-
1-Dec-08,-,-,-,0.82,-
30-Nov-08,-,-,-,0.81,-
29-Nov-08,-,-,-,0.80,-
28-Nov-08,-,-,-,0.79,-
27-Nov-08,-,-,-,0.74,-
26-Nov-08,-,-,-,0.71,-
25-Nov-08,-,-,-,0.70,-
24-Nov-08,-,-,-,0.69,-
23-Nov-08,-,-,-,0.68,-
22-Nov-08,-,-,-,0.67,-
21-Nov-08,-,-,-,0.66,-
20-Nov-08,-,-,-,0.66,-
19-Nov-08,-,-,-,0.65,-
18-Nov-08,-,-,-,0.64,-
17-Nov-08,-,-,-,0.64,-
16-Nov-08,-,-,-,0.64,-
15-Nov-08,-,-,-,0.64,-
14-Nov-08,-,-,-,0.63,-
13-Nov-08,-,-,-,0.63,-
12-Nov-08,-,-,-,0.62,-
11-Nov-08,-,-,-,0.61,-
10-Nov-08,-,-,-,0.59,-
9-Nov-08,-,-,-,0.59,-
8-Nov-08,-,-,-,0.57,-
7-Nov-08,-,-,-,0.57,-
6-Nov-08,-,-,-,0.57,-
5-Nov-08,-,-,-,0.56,-
4-Nov-08,-,-,-,0.57,-
3-Nov-08,-,-,-,0.58,-
2-Nov-08,-,-,-,0.58,-
1-Nov-08,-,-,-,0.58,-
31-Oct-08,-,-,-,0.57,-
30-Oct-08,-,-,-,0.58,-
29-Oct-08,-,-,-,0.58,-
28-Oct-08,-,-,-,0.58,-
27-Oct-08,-,-,-,0.58,-
26-Oct-08,-,-,-,0.58,-
25-Oct-08,-,-,-,0.58,-
24-Oct-08,-,-,-,0.59,-
23-Oct-08,-,-,-,0.59,-
22-Oct-08,-,-,-,0.59,-
21-Oct-08,-,-,-,0.58,-
20-Oct-08,-,-,-,0.58,-
19-Oct-08,-,-,-,0.58,-
18-Oct-08,-,-,-,0.58,-
17-Oct-08,-,-,-,0.57,-
16-Oct-08,-,-,-,0.57,-
15-Oct-08,-,-,-,0.57,-
14-Oct-08,-,-,-,0.57,-
13-Oct-08,-,-,-,0.57,-
12-Oct-08,-,-,-,0.57,-
11-Oct-08,-,-,-,0.57,-
10-Oct-08,-,-,-,0.58,-
9-Oct-08,-,-,-,0.58,-
8-Oct-08,-,-,-,0.58,-
7-Oct-08,-,-,-,0.58,-
6-Oct-08,-,-,-,0.58,-
5-Oct-08,-,-,-,0.58,-
4-Oct-08,-,-,-,0.58,-
3-Oct-08,-,-,-,0.57,-
2-Oct-08,-,-,-,0.57,-
1-Oct-08,-,-,-,0.58,-
30-Sep-08,-,-,-,0.58,-
29-Sep-08,-,-,-,0.58,-
28-Sep-08,-,-,-,0.59,-
27-Sep-08,-,-,-,0.59,-
26-Sep-08,-,-,-,0.59,-
25-Sep-08,-,-,-,0.58,-
24-Sep-08,-,-,-,0.58,-
23-Sep-08,-,-,-,0.58,-
22-Sep-08,-,-,-,0.57,-
21-Sep-08,-,-,-,0.57,-
20-Sep-08,-,-,-,0.57,-
19-Sep-08,-,-,-,0.57,-
18-Sep-08,-,-,-,0.57,-
17-Sep-08,-,-,-,0.56,-
16-Sep-08,-,-,-,0.57,-
15-Sep-08,-,-,-,0.57,-
14-Sep-08,-,-,-,0.57,-
13-Sep-08,-,-,-,0.57,-
12-Sep-08,-,-,-,0.58,-
11-Sep-08,-,-,-,0.58,-
10-Sep-08,-,-,-,0.59,-
9-Sep-08,-,-,-,0.59,-
8-Sep-08,-,-,-,0.59,-
7-Sep-08,-,-,-,0.60,-
6-Sep-08,-,-,-,0.60,-
5-Sep-08,-,-,-,0.60,-
4-Sep-08,-,-,-,0.60,-
3-Sep-08,-,-,-,0.61,-
2-Sep-08,-,-,-,0.61,-
1-Sep-08,-,-,-,0.60,-
31-Aug-08,-,-,-,0.60,-
30-Aug-08,-,-,-,0.60,-
29-Aug-08,-,-,-,0.59,-
28-Aug-08,-,-,-,0.59,-
27-Aug-08,-,-,-,0.59,-
26-Aug-08,-,-,-,0.59,-
25-Aug-08,-,-,-,0.59,-
24-Aug-08,-,-,-,0.59,-
23-Aug-08,-,-,-,0.59,-
22-Aug-08,-,-,-,0.59,-
21-Aug-08,-,-,-,0.59,-
20-Aug-08,-,-,-,0.59,-
19-Aug-08,-,-,-,0.59,-
18-Aug-08,-,-,-,0.59,-
17-Aug-08,-,-,-,0.59,-
16-Aug-08,-,-,-,0.59,-
15-Aug-08,-,-,-,0.59,-
14-Aug-08,-,-,-,0.59,-
13-Aug-08,-,-,-,0.60,-
12-Aug-08,-,-,-,0.60,-
11-Aug-08,-,-,-,0.60,-
10-Aug-08,-,-,-,0.61,-
9-Aug-08,-,-,-,0.61,-
8-Aug-08,-,-,-,0.62,-
7-Aug-08,-,-,-,0.62,-
6-Aug-08,-,-,-,0.62,-
5-Aug-08,-,-,-,0.62,-
4-Aug-08,-,-,-,0.62,-
3-Aug-08,-,-,-,0.62,-
2-Aug-08,-,-,-,0.62,-
1-Aug-08,-,-,-,0.61,-
31-Jul-08,-,-,-,0.61,-
30-Jul-08,-,-,-,0.62,-
29-Jul-08,-,-,-,0.62,-
28-Jul-08,-,-,-,0.62,-
27-Jul-08,-,-,-,0.62,-
26-Jul-08,-,-,-,0.62,-
25-Jul-08,-,-,-,0.62,-
24-Jul-08,-,-,-,0.62,-
23-Jul-08,-,-,-,0.62,-
22-Jul-08,-,-,-,0.62,-
21-Jul-08,-,-,-,0.61,-
20-Jul-08,-,-,-,0.62,-
19-Jul-08,-,-,-,0.62,-
18-Jul-08,-,-,-,0.61,-
17-Jul-08,-,-,-,0.62,-
16-Jul-08,-,-,-,0.62,-
15-Jul-08,-,-,-,0.62,-
14-Jul-08,-,-,-,0.63,-
13-Jul-08,-,-,-,0.63,-
12-Jul-08,-,-,-,0.63,-
11-Jul-08,-,-,-,0.64,-
10-Jul-08,-,-,-,0.65,-
9-Jul-08,-,-,-,0.65,-
8-Jul-08,-,-,-,0.65,-
7-Jul-08,-,-,-,0.65,-
6-Jul-08,-,-,-,0.65,-
5-Jul-08,-,-,-,0.65,-
4-Jul-08,-,-,-,0.64,-
3-Jul-08,-,-,-,0.63,-
2-Jul-08,-,-,-,0.63,-
1-Jul-08,-,-,-,0.63,-
30-Jun-08,-,-,-,0.63,-
29-Jun-08,-,-,-,0.63,-
28-Jun-08,-,-,-,0.62,-
27-Jun-08,-,-,-,0.62,-
26-Jun-08,-,-,-,0.62,-
25-Jun-08,-,-,-,0.62,-
24-Jun-08,-,-,-,0.62,-
23-Jun-08,-,-,-,0.62,-
22-Jun-08,-,-,-,0.61,-
21-Jun-08,-,-,-,0.61,-
20-Jun-08,-,-,-,0.61,-
19-Jun-08,-,-,-,0.60,-
18-Jun-08,-,-,-,0.60,-
17-Jun-08,-,-,-,0.60,-
16-Jun-08,-,-,-,0.61,-
15-Jun-08,-,-,-,0.61,-
14-Jun-08,-,-,-,0.62,-
13-Jun-08,-,-,-,0.63,-
12-Jun-08,-,-,-,0.62,-
11-Jun-08,-,-,-,0.62,-
10-Jun-08,-,-,-,0.62,-
9-Jun-08,-,-,-,0.62,-
8-Jun-08,-,-,-,0.61,-
7-Jun-08,-,-,-,0.61,-
6-Jun-08,-,-,-,0.61,-
5-Jun-08,-,-,-,0.60,-
4-Jun-08,-,-,-,0.61,-
3-Jun-08,-,-,-,0.61,-
2-Jun-08,-,-,-,0.61,-
1-Jun-08,-,-,-,0.62,-
31-May-08,-,-,-,0.63,-
30-May-08,-,-,-,0.63,-
29-May-08,-,-,-,0.63,-
28-May-08,-,-,-,0.63,-
27-May-08,-,-,-,0.63,-
26-May-08,-,-,-,0.62,-
25-May-08,-,-,-,0.61,-
24-May-08,-,-,-,0.61,-
23-May-08,-,-,-,0.61,-
22-May-08,-,-,-,0.60,-
21-May-08,-,-,-,0.60,-
20-May-08,-,-,-,0.60,-
19-May-08,-,-,-,0.60,-
18-May-08,-,-,-,0.60,-
17-May-08,-,-,-,0.61,-
16-May-08,-,-,-,0.61,-
15-May-08,-,-,-,0.61,-
14-May-08,-,-,-,0.61,-
13-May-08,-,-,-,0.61,-
12-May-08,-,-,-,0.62,-
11-May-08,-,-,-,0.62,-
10-May-08,-,-,-,0.63,-
9-May-08,-,-,-,0.62,-
8-May-08,-,-,-,0.62,-
7-May-08,-,-,-,0.62,-
6-May-08,-,-,-,0.62,-
5-May-08,-,-,-,0.61,-
4-May-08,-,-,-,0.61,-
3-May-08,-,-,-,0.61,-
2-May-08,-,-,-,0.60,-
1-May-08,-,-,-,0.61,-
30-Apr-08,-,-,-,0.61,-
29-Apr-08,-,-,-,0.61,-
28-Apr-08,-,-,-,0.60,-
27-Apr-08,-,-,-,0.60,-
26-Apr-08,-,-,-,0.60,-
25-Apr-08,-,-,-,0.60,-
24-Apr-08,-,-,-,0.60,-
23-Apr-08,-,-,-,0.60,-
22-Apr-08,-,-,-,0.60,-
21-Apr-08,-,-,-,0.60,-
20-Apr-08,-,-,-,0.60,-
19-Apr-08,-,-,-,0.61,-
18-Apr-08,-,-,-,0.60,-
17-Apr-08,-,-,-,0.59,-
16-Apr-08,-,-,-,0.59,-
15-Apr-08,-,-,-,0.59,-
14-Apr-08,-,-,-,0.59,-
13-Apr-08,-,-,-,0.59,-
12-Apr-08,-,-,-,0.59,-
11-Apr-08,-,-,-,0.59,-
10-Apr-08,-,-,-,0.59,-
9-Apr-08,-,-,-,0.59,-
8-Apr-08,-,-,-,0.59,-
7-Apr-08,-,-,-,0.59,-
6-Apr-08,-,-,-,0.59,-
5-Apr-08,-,-,-,0.60,-
4-Apr-08,-,-,-,0.60,-
3-Apr-08,-,-,-,0.60,-
2-Apr-08,-,-,-,0.61,-
1-Apr-08,-,-,-,0.61,-
31-Mar-08,-,-,-,0.61,-
30-Mar-08,-,-,-,0.61,-
29-Mar-08,-,-,-,0.61,-
28-Mar-08,-,-,-,0.61,-
27-Mar-08,-,-,-,0.61,-
26-Mar-08,-,-,-,0.61,-
25-Mar-08,-,-,-,0.61,-
24-Mar-08,-,-,-,0.61,-
23-Mar-08,-,-,-,0.60,-
22-Mar-08,-,-,-,0.61,-
21-Mar-08,-,-,-,0.60,-
20-Mar-08,-,-,-,0.59,-
19-Mar-08,-,-,-,0.59,-
18-Mar-08,-,-,-,0.59,-
17-Mar-08,-,-,-,0.60,-
16-Mar-08,-,-,-,0.60,-
15-Mar-08,-,-,-,0.60,-
14-Mar-08,-,-,-,0.61,-
13-Mar-08,-,-,-,0.61,-
12-Mar-08,-,-,-,0.61,-
11-Mar-08,-,-,-,0.61,-
10-Mar-08,-,-,-,0.61,-
9-Mar-08,-,-,-,0.60,-
8-Mar-08,-,-,-,0.60,-
7-Mar-08,-,-,-,0.60,-
6-Mar-08,-,-,-,0.59,-
5-Mar-08,-,-,-,0.60,-
4-Mar-08,-,-,-,0.60,-
3-Mar-08,-,-,-,0.60,-
2-Mar-08,-,-,-,0.60,-
1-Mar-08,-,-,-,0.60,-
29-Feb-08,-,-,-,0.61,-
28-Feb-08,-,-,-,0.61,-
27-Feb-08,-,-,-,0.61,-
26-Feb-08,-,-,-,0.61,-
25-Feb-08,-,-,-,0.61,-
24-Feb-08,-,-,-,0.62,-
23-Feb-08,-,-,-,0.62,-
22-Feb-08,-,-,-,0.62,-
21-Feb-08,-,-,-,0.62,-
20-Feb-08,-,-,-,0.62,-
19-Feb-08,-,-,-,0.62,-
18-Feb-08,-,-,-,0.61,-
17-Feb-08,-,-,-,0.60,-
16-Feb-08,-,-,-,0.60,-
15-Feb-08,-,-,-,0.60,-
14-Feb-08,-,-,-,0.60,-
13-Feb-08,-,-,-,0.61,-
12-Feb-08,-,-,-,0.61,-
11-Feb-08,-,-,-,0.61,-
10-Feb-08,-,-,-,0.61,-
9-Feb-08,-,-,-,0.61,-
8-Feb-08,-,-,-,0.62,-
7-Feb-08,-,-,-,0.62,-
6-Feb-08,-,-,-,0.62,-
5-Feb-08,-,-,-,0.62,-
4-Feb-08,-,-,-,0.62,-
3-Feb-08,-,-,-,0.63,-
2-Feb-08,-,-,-,0.63,-
1-Feb-08,-,-,-,0.63,-
31-Jan-08,-,-,-,0.64,-
30-Jan-08,-,-,-,0.64,-
29-Jan-08,-,-,-,0.64,-
28-Jan-08,-,-,-,0.64,-
27-Jan-08,-,-,-,0.65,-
26-Jan-08,-,-,-,0.66,-
25-Jan-08,-,-,-,0.65,-
24-Jan-08,-,-,-,0.65,-
23-Jan-08,-,-,-,0.65,-
22-Jan-08,-,-,-,0.65,-
21-Jan-08,-,-,-,0.65,-
20-Jan-08,-,-,-,0.65,-
19-Jan-08,-,-,-,0.64,-
18-Jan-08,-,-,-,0.65,-
17-Jan-08,-,-,-,0.66,-
16-Jan-08,-,-,-,0.66,-
15-Jan-08,-,-,-,0.66,-
14-Jan-08,-,-,-,0.66,-
13-Jan-08,-,-,-,0.66,-
12-Jan-08,-,-,-,0.67,-
11-Jan-08,-,-,-,0.68,-
10-Jan-08,-,-,-,0.69,-
9-Jan-08,-,-,-,0.71,-
8-Jan-08,-,-,-,0.73,-
7-Jan-08,-,-,-,0.76,-
6-Jan-08,-,-,-,0.77,-
5-Jan-08,-,-,-,0.78,-
4-Jan-08,-,-,-,0.78,-
3-Jan-08,-,-,-,0.80,-
2-Jan-08,-,-,-,0.81,-
1-Jan-08,-,-,-,0.83,-
31-Dec-07,-,-,-,0.82,-
30-Dec-07,-,-,-,0.82,-
29-Dec-07,-,-,-,0.80,-
28-Dec-07,-,-,-,0.80,-
27-Dec-07,-,-,-,0.78,-
26-Dec-07,-,-,-,0.76,-
25-Dec-07,-,-,-,0.74,-
24-Dec-07,-,-,-,0.74,-
23-Dec-07,-,-,-,0.75,-
22-Dec-07,-,-,-,0.77,-
21-Dec-07,-,-,-,0.78,-
20-Dec-07,-,-,-,0.80,-
19-Dec-07,-,-,-,0.80,-
18-Dec-07,-,-,-,0.80,-
17-Dec-07,-,-,-,0.80,-
16-Dec-07,-,-,-,0.81,-
15-Dec-07,-,-,-,0.82,-
14-Dec-07,-,-,-,0.84,-
13-Dec-07,-,-,-,0.86,-
12-Dec-07,-,-,-,0.88,-
11-Dec-07,-,-,-,0.90,-
10-Dec-07,-,-,-,0.91,-
9-Dec-07,-,-,-,0.90,-
8-Dec-07,-,-,-,0.89,-
7-Dec-07,-,-,-,0.86,-
6-Dec-07,-,-,-,0.84,-
5-Dec-07,-,-,-,0.82,-
4-Dec-07,-,-,-,0.81,-
3-Dec-07,-,-,-,0.81,-
2-Dec-07,-,-,-,0.81,-
1-Dec-07,-,-,-,0.81,-
30-Nov-07,-,-,-,0.83,-
29-Nov-07,-,-,-,0.87,-
28-Nov-07,-,-,-,0.89,-
27-Nov-07,-,-,-,0.89,-
26-Nov-07,-,-,-,0.89,-
25-Nov-07,-,-,-,0.88,-
24-Nov-07,-,-,-,0.87,-
23-Nov-07,-,-,-,0.84,-
22-Nov-07,-,-,-,0.79,-
21-Nov-07,-,-,-,0.76,-
20-Nov-07,-,-,-,0.74,-
19-Nov-07,-,-,-,0.74,-
18-Nov-07,-,-,-,0.73,-
17-Nov-07,-,-,-,0.72,-
16-Nov-07,-,-,-,0.72,-
15-Nov-07,-,-,-,0.71,-
14-Nov-07,-,-,-,0.71,-
13-Nov-07,-,-,-,0.71,-
12-Nov-07,-,-,-,0.71,-
11-Nov-07,-,-,-,0.70,-
10-Nov-07,-,-,-,0.70,-
9-Nov-07,-,-,-,0.69,-
8-Nov-07,-,-,-,0.69,-
7-Nov-07,-,-,-,0.68,-
6-Nov-07,-,-,-,0.68,-
5-Nov-07,-,-,-,0.69,-
4-Nov-07,-,-,-,0.69,-
3-Nov-07,-,-,-,0.68,-
2-Nov-07,-,-,-,0.68,-
1-Nov-07,-,-,-,0.68,-
31-Oct-07,-,-,-,0.67,-
30-Oct-07,-,-,-,0.66,-
29-Oct-07,-,-,-,0.65,-
28-Oct-07,-,-,-,0.63,-
27-Oct-07,-,-,-,0.63,-
26-Oct-07,-,-,-,0.62,-
25-Oct-07,-,-,-,0.61,-
24-Oct-07,-,-,-,0.61,-
23-Oct-07,-,-,-,0.61,-
22-Oct-07,-,-,-,0.61,-
21-Oct-07,-,-,-,0.61,-
20-Oct-07,-,-,-,0.61,-
19-Oct-07,-,-,-,0.61,-
18-Oct-07,-,-,-,0.61,-
17-Oct-07,-,-,-,0.62,-
16-Oct-07,-,-,-,0.62,-
15-Oct-07,-,-,-,0.62,-
14-Oct-07,-,-,-,0.62,-
13-Oct-07,-,-,-,0.62,-
12-Oct-07,-,-,-,0.62,-
11-Oct-07,-,-,-,0.62,-
10-Oct-07,-,-,-,0.62,-
9-Oct-07,-,-,-,0.61,-
8-Oct-07,-,-,-,0.61,-
7-Oct-07,-,-,-,0.61,-
6-Oct-07,-,-,-,0.61,-
5-Oct-07,-,-,-,0.61,-
4-Oct-07,-,-,-,0.61,-
3-Oct-07,-,-,-,0.61,-
2-Oct-07,-,-,-,0.60,-
1-Oct-07,-,-,-,0.60,-
30-Sep-07,-,-,-,0.60,-
29-Sep-07,-,-,-,0.60,-
28-Sep-07,-,-,-,0.60,-
27-Sep-07,-,-,-,0.60,-
26-Sep-07,-,-,-,0.60,-
25-Sep-07,-,-,-,0.59,-
24-Sep-07,-,-,-,0.60,-
23-Sep-07,-,-,-,0.59,-
22-Sep-07,-,-,-,0.59,-
21-Sep-07,-,-,-,0.60,-
20-Sep-07,-,-,-,0.60,-
19-Sep-07,-,-,-,0.60,-
18-Sep-07,-,-,-,0.61,-
17-Sep-07,-,-,-,0.61,-
16-Sep-07,-,-,-,0.61,-
15-Sep-07,-,-,-,0.61,-
14-Sep-07,-,-,-,0.60,-
13-Sep-07,-,-,-,0.60,-
12-Sep-07,-,-,-,0.61,-
11-Sep-07,-,-,-,0.61,-
10-Sep-07,-,-,-,0.63,-
9-Sep-07,-,-,-,0.64,-
8-Sep-07,-,-,-,0.66,-
7-Sep-07,-,-,-,0.66,-
6-Sep-07,-,-,-,0.67,-
5-Sep-07,-,-,-,0.67,-
4-Sep-07,-,-,-,0.66,-
3-Sep-07,-,-,-,0.66,-
2-Sep-07,-,-,-,0.64,-
1-Sep-07,-,-,-,0.64,-
31-Aug-07,-,-,-,0.64,-
30-Aug-07,-,-,-,0.64,-
29-Aug-07,-,-,-,0.64,-
28-Aug-07,-,-,-,0.64,-
27-Aug-07,-,-,-,0.65,-
26-Aug-07,-,-,-,0.64,-
25-Aug-07,-,-,-,0.65,-
24-Aug-07,-,-,-,0.65,-
23-Aug-07,-,-,-,0.66,-
22-Aug-07,-,-,-,0.65,-
21-Aug-07,-,-,-,0.65,-
20-Aug-07,-,-,-,0.65,-
19-Aug-07,-,-,-,0.65,-
18-Aug-07,-,-,-,0.65,-
17-Aug-07,-,-,-,0.65,-
16-Aug-07,-,-,-,0.64,-
15-Aug-07,-,-,-,0.64,-
14-Aug-07,-,-,-,0.65,-
13-Aug-07,-,-,-,0.65,-
12-Aug-07,-,-,-,0.65,-
11-Aug-07,-,-,-,0.65,-
10-Aug-07,-,-,-,0.65,-
9-Aug-07,-,-,-,0.66,-
8-Aug-07,-,-,-,0.66,-
7-Aug-07,-,-,-,0.65,-
6-Aug-07,-,-,-,0.66,-
5-Aug-07,-,-,-,0.66,-
4-Aug-07,-,-,-,0.66,-
3-Aug-07,-,-,-,0.67,-
2-Aug-07,-,-,-,0.67,-
1-Aug-07,-,-,-,0.67,-
31-Jul-07,-,-,-,0.67,-
30-Jul-07,-,-,-,0.66,-
29-Jul-07,-,-,-,0.66,-
28-Jul-07,-,-,-,0.66,-
27-Jul-07,-,-,-,0.65,-
26-Jul-07,-,-,-,0.65,-
25-Jul-07,-,-,-,0.66,-
24-Jul-07,-,-,-,0.66,-
23-Jul-07,-,-,-,0.66,-
22-Jul-07,-,-,-,0.66,-
21-Jul-07,-,-,-,0.66,-
20-Jul-07,-,-,-,0.66,-
19-Jul-07,-,-,-,0.66,-
18-Jul-07,-,-,-,0.66,-
17-Jul-07,-,-,-,0.67,-
16-Jul-07,-,-,-,0.67,-
15-Jul-07,-,-,-,0.66,-
14-Jul-07,-,-,-,0.67,-
13-Jul-07,-,-,-,0.67,-
12-Jul-07,-,-,-,0.67,-
11-Jul-07,-,-,-,0.67,-
10-Jul-07,-,-,-,0.67,-
9-Jul-07,-,-,-,0.66,-
8-Jul-07,-,-,-,0.66,-
7-Jul-07,-,-,-,0.66,-
6-Jul-07,-,-,-,0.65,-
5-Jul-07,-,-,-,0.65,-
4-Jul-07,-,-,-,0.65,-
3-Jul-07,-,-,-,0.64,-
2-Jul-07,-,-,-,0.64,-
1-Jul-07,-,-,-,0.64,-
30-Jun-07,-,-,-,0.64,-
29-Jun-07,-,-,-,0.64,-
28-Jun-07,-,-,-,0.63,-
27-Jun-07,-,-,-,0.63,-
26-Jun-07,-,-,-,0.63,-
25-Jun-07,-,-,-,0.63,-
24-Jun-07,-,-,-,0.63,-
23-Jun-07,-,-,-,0.63,-
22-Jun-07,-,-,-,0.63,-
21-Jun-07,-,-,-,0.63,-
20-Jun-07,-,-,-,0.63,-
19-Jun-07,-,-,-,0.62,-
18-Jun-07,-,-,-,0.62,-
17-Jun-07,-,-,-,0.63,-
16-Jun-07,-,-,-,0.63,-
15-Jun-07,-,-,-,0.62,-
14-Jun-07,-,-,-,0.62,-
13-Jun-07,-,-,-,0.63,-
12-Jun-07,-,-,-,0.63,-
11-Jun-07,-,-,-,0.63,-
10-Jun-07,-,-,-,0.63,-
9-Jun-07,-,-,-,0.63,-
8-Jun-07,-,-,-,0.63,-
7-Jun-07,-,-,-,0.63,-
6-Jun-07,-,-,-,0.63,-
5-Jun-07,-,-,-,0.63,-
4-Jun-07,-,-,-,0.63,-
3-Jun-07,-,-,-,0.65,-
2-Jun-07,-,-,-,0.65,-
1-Jun-07,-,-,-,0.65,-
31-May-07,-,-,-,0.65,-
30-May-07,-,-,-,0.65,-
29-May-07,-,-,-,0.65,-
28-May-07,-,-,-,0.65,-
27-May-07,-,-,-,0.63,-
26-May-07,-,-,-,0.63,-
25-May-07,-,-,-,0.63,-
24-May-07,-,-,-,0.64,-
23-May-07,-,-,-,0.67,-
22-May-07,-,-,-,0.68,-
21-May-07,-,-,-,0.67,-
20-May-07,-,-,-,0.66,-
19-May-07,-,-,-,0.66,-
18-May-07,-,-,-,0.65,-
17-May-07,-,-,-,0.64,-
16-May-07,-,-,-,0.61,-
15-May-07,-,-,-,0.59,-
14-May-07,-,-,-,0.60,-
13-May-07,-,-,-,0.61,-
12-May-07,-,-,-,0.61,-
11-May-07,-,-,-,0.61,-
10-May-07,-,-,-,0.61,-
9-May-07,-,-,-,0.60,-
8-May-07,-,-,-,0.60,-
7-May-07,-,-,-,0.60,-
6-May-07,-,-,-,0.59,-
5-May-07,-,-,-,0.59,-
4-May-07,-,-,-,0.60,-
3-May-07,-,-,-,0.60,-
2-May-07,-,-,-,0.60,-
1-May-07,-,-,-,0.61,-
30-Apr-07,-,-,-,0.61,-
29-Apr-07,-,-,-,0.61,-
28-Apr-07,-,-,-,0.62,-
27-Apr-07,-,-,-,0.61,-
26-Apr-07,-,-,-,0.61,-
25-Apr-07,-,-,-,0.60,-
24-Apr-07,-,-,-,0.60,-
23-Apr-07,-,-,-,0.60,-
22-Apr-07,-,-,-,0.59,-
21-Apr-07,-,-,-,0.59,-
20-Apr-07,-,-,-,0.59,-
19-Apr-07,-,-,-,0.60,-
18-Apr-07,-,-,-,0.60,-
17-Apr-07,-,-,-,0.60,-
16-Apr-07,-,-,-,0.61,-
15-Apr-07,-,-,-,0.61,-
14-Apr-07,-,-,-,0.61,-
13-Apr-07,-,-,-,0.61,-
12-Apr-07,-,-,-,0.61,-
11-Apr-07,-,-,-,0.61,-
10-Apr-07,-,-,-,0.61,-
9-Apr-07,-,-,-,0.61,-
8-Apr-07,-,-,-,0.61,-
7-Apr-07,-,-,-,0.61,-
6-Apr-07,-,-,-,0.61,-
5-Apr-07,-,-,-,0.61,-
4-Apr-07,-,-,-,0.61,-
3-Apr-07,-,-,-,0.61,-
2-Apr-07,-,-,-,0.61,-
1-Apr-07,-,-,-,0.60,-
31-Mar-07,-,-,-,0.60,-
30-Mar-07,-,-,-,0.60,-
29-Mar-07,-,-,-,0.61,-
28-Mar-07,-,-,-,0.61,-
27-Mar-07,-,-,-,0.61,-
26-Mar-07,-,-,-,0.60,-
25-Mar-07,-,-,-,0.60,-
24-Mar-07,-,-,-,0.61,-
23-Mar-07,-,-,-,0.61,-
22-Mar-07,-,-,-,0.61,-
21-Mar-07,-,-,-,0.61,-
20-Mar-07,-,-,-,0.61,-
19-Mar-07,-,-,-,0.61,-
18-Mar-07,-,-,-,0.61,-
17-Mar-07,-,-,-,0.61,-
16-Mar-07,-,-,-,0.61,-
15-Mar-07,-,-,-,0.61,-
14-Mar-07,-,-,-,0.61,-
13-Mar-07,-,-,-,0.61,-
12-Mar-07,-,-,-,0.61,-
11-Mar-07,-,-,-,0.61,-
10-Mar-07,-,-,-,0.62,-
9-Mar-07,-,-,-,0.62,-
8-Mar-07,-,-,-,0.62,-
7-Mar-07,-,-,-,0.62,-
6-Mar-07,-,-,-,0.62,-
5-Mar-07,-,-,-,0.62,-
4-Mar-07,-,-,-,0.62,-
3-Mar-07,-,-,-,0.62,-
2-Mar-07,-,-,-,0.63,-
1-Mar-07,-,-,-,0.63,-
28-Feb-07,-,-,-,0.64,-
27-Feb-07,-,-,-,0.64,-
26-Feb-07,-,-,-,0.65,-
25-Feb-07,-,-,-,0.66,-
24-Feb-07,-,-,-,0.66,-
23-Feb-07,-,-,-,0.66,-
22-Feb-07,-,-,-,0.67,-
21-Feb-07,-,-,-,0.67,-
20-Feb-07,-,-,-,0.66,-
19-Feb-07,-,-,-,0.65,-
18-Feb-07,-,-,-,0.64,-
17-Feb-07,-,-,-,0.63,-
16-Feb-07,-,-,-,0.63,-
15-Feb-07,-,-,-,0.63,-
14-Feb-07,-,-,-,0.63,-
13-Feb-07,-,-,-,0.64,-
12-Feb-07,-,-,-,0.64,-
11-Feb-07,-,-,-,0.65,-
10-Feb-07,-,-,-,0.65,-
9-Feb-07,-,-,-,0.66,-
8-Feb-07,-,-,-,0.67,-
7-Feb-07,-,-,-,0.67,-
6-Feb-07,-,-,-,0.67,-
5-Feb-07,-,-,-,0.67,-
4-Feb-07,-,-,-,0.67,-
3-Feb-07,-,-,-,0.67,-
2-Feb-07,-,-,-,0.68,-
1-Feb-07,-,-,-,0.67,-
31-Jan-07,-,-,-,0.67,-
30-Jan-07,-,-,-,0.67,-
29-Jan-07,-,-,-,0.67,-
28-Jan-07,-,-,-,0.67,-
27-Jan-07,-,-,-,0.67,-
26-Jan-07,-,-,-,0.66,-
25-Jan-07,-,-,-,0.66,-
24-Jan-07,-,-,-,0.66,-
23-Jan-07,-,-,-,0.66,-
22-Jan-07,-,-,-,0.67,-
21-Jan-07,-,-,-,0.67,-
20-Jan-07,-,-,-,0.68,-
19-Jan-07,-,-,-,0.67,-
18-Jan-07,-,-,-,0.67,-
17-Jan-07,-,-,-,0.68,-
16-Jan-07,-,-,-,0.68,-
15-Jan-07,-,-,-,0.68,-
14-Jan-07,-,-,-,0.68,-
13-Jan-07,-,-,-,0.68,-
12-Jan-07,-,-,-,0.69,-
11-Jan-07,-,-,-,0.71,-
10-Jan-07,-,-,-,0.71,-
9-Jan-07,-,-,-,0.72,-
8-Jan-07,-,-,-,0.74,-
7-Jan-07,-,-,-,0.75,-
6-Jan-07,-,-,-,0.75,-
5-Jan-07,-,-,-,0.76,-
4-Jan-07,-,-,-,0.77,-
3-Jan-07,-,-,-,0.78,-
2-Jan-07,-,-,-,0.80,-
1-Jan-07,-,-,-,0.82,-
31-Dec-06,-,-,-,0.81,-
30-Dec-06,-,-,-,0.80,-
29-Dec-06,-,-,-,0.79,-
28-Dec-06,-,-,-,0.78,-
27-Dec-06,-,-,-,0.77,-
26-Dec-06,-,-,-,0.76,-
25-Dec-06,-,-,-,0.74,-
24-Dec-06,-,-,-,0.74,-
23-Dec-06,-,-,-,0.76,-
22-Dec-06,-,-,-,0.77,-
21-Dec-06,-,-,-,0.77,-
20-Dec-06,-,-,-,0.77,-
19-Dec-06,-,-,-,0.76,-
18-Dec-06,-,-,-,0.76,-
17-Dec-06,-,-,-,0.77,-
16-Dec-06,-,-,-,0.77,-
15-Dec-06,-,-,-,0.78,-
14-Dec-06,-,-,-,0.78,-
13-Dec-06,-,-,-,0.78,-
12-Dec-06,-,-,-,0.78,-
11-Dec-06,-,-,-,0.78,-
10-Dec-06,-,-,-,0.78,-
9-Dec-06,-,-,-,0.78,-
8-Dec-06,-,-,-,0.78,-
7-Dec-06,-,-,-,0.77,-
6-Dec-06,-,-,-,0.77,-
5-Dec-06,-,-,-,0.77,-
4-Dec-06,-,-,-,0.78,-
3-Dec-06,-,-,-,0.78,-
2-Dec-06,-,-,-,0.79,-
1-Dec-06,-,-,-,0.79,-
30-Nov-06,-,-,-,0.82,-
29-Nov-06,-,-,-,0.85,-
28-Nov-06,-,-,-,0.86,-
27-Nov-06,-,-,-,0.85,-
26-Nov-06,-,-,-,0.84,-
25-Nov-06,-,-,-,0.83,-
24-Nov-06,-,-,-,0.81,-
23-Nov-06,-,-,-,0.77,-
22-Nov-06,-,-,-,0.74,-
21-Nov-06,-,-,-,0.72,-
20-Nov-06,-,-,-,0.72,-
19-Nov-06,-,-,-,0.71,-
18-Nov-06,-,-,-,0.71,-
17-Nov-06,-,-,-,0.71,-
16-Nov-06,-,-,-,0.71,-
15-Nov-06,-,-,-,0.70,-
14-Nov-06,-,-,-,0.69,-
13-Nov-06,-,-,-,0.68,-
12-Nov-06,-,-,-,0.68,-
11-Nov-06,-,-,-,0.67,-
10-Nov-06,-,-,-,0.67,-
9-Nov-06,-,-,-,0.66,-
8-Nov-06,-,-,-,0.66,-
7-Nov-06,-,-,-,0.67,-
6-Nov-06,-,-,-,0.67,-
5-Nov-06,-,-,-,0.66,-
4-Nov-06,-,-,-,0.66,-
3-Nov-06,-,-,-,0.66,-
2-Nov-06,-,-,-,0.66,-
1-Nov-06,-,-,-,0.65,-
31-Oct-06,-,-,-,0.65,-
30-Oct-06,-,-,-,0.66,-
29-Oct-06,-,-,-,0.66,-
28-Oct-06,-,-,-,0.66,-
27-Oct-06,-,-,-,0.65,-
26-Oct-06,-,-,-,0.65,-
25-Oct-06,-,-,-,0.65,-
24-Oct-06,-,-,-,0.64,-
23-Oct-06,-,-,-,0.64,-
22-Oct-06,-,-,-,0.64,-
21-Oct-06,-,-,-,0.64,-
20-Oct-06,-,-,-,0.63,-
19-Oct-06,-,-,-,0.64,-
18-Oct-06,-,-,-,0.64,-
17-Oct-06,-,-,-,0.64,-
16-Oct-06,-,-,-,0.64,-
15-Oct-06,-,-,-,0.64,-
14-Oct-06,-,-,-,0.65,-
13-Oct-06,-,-,-,0.65,-
12-Oct-06,-,-,-,0.65,-
11-Oct-06,-,-,-,0.65,-
10-Oct-06,-,-,-,0.65,-
9-Oct-06,-,-,-,0.65,-
8-Oct-06,-,-,-,0.64,-
7-Oct-06,-,-,-,0.63,-
6-Oct-06,-,-,-,0.63,-
5-Oct-06,-,-,-,0.63,-
4-Oct-06,-,-,-,0.63,-
3-Oct-06,-,-,-,0.63,-
2-Oct-06,-,-,-,0.63,-
1-Oct-06,-,-,-,0.64,-
30-Sep-06,-,-,-,0.64,-
29-Sep-06,-,-,-,0.65,-
28-Sep-06,-,-,-,0.64,-
27-Sep-06,-,-,-,0.64,-
26-Sep-06,-,-,-,0.64,-
25-Sep-06,-,-,-,0.64,-
24-Sep-06,-,-,-,0.64,-
23-Sep-06,-,-,-,0.63,-
22-Sep-06,-,-,-,0.63,-
21-Sep-06,-,-,-,0.63,-
20-Sep-06,-,-,-,0.63,-
19-Sep-06,-,-,-,0.62,-
18-Sep-06,-,-,-,0.62,-
17-Sep-06,-,-,-,0.62,-
16-Sep-06,-,-,-,0.62,-
15-Sep-06,-,-,-,0.61,-
14-Sep-06,-,-,-,0.61,-
13-Sep-06,-,-,-,0.62,-
12-Sep-06,-,-,-,0.62,-
11-Sep-06,-,-,-,0.63,-
10-Sep-06,-,-,-,0.65,-
9-Sep-06,-,-,-,0.66,-
8-Sep-06,-,-,-,0.67,-
7-Sep-06,-,-,-,0.67,-
6-Sep-06,-,-,-,0.68,-
5-Sep-06,-,-,-,0.68,-
4-Sep-06,-,-,-,0.67,-
3-Sep-06,-,-,-,0.66,-
2-Sep-06,-,-,-,0.65,-
1-Sep-06,-,-,-,0.65,-
31-Aug-06,-,-,-,0.65,-
30-Aug-06,-,-,-,0.65,-
29-Aug-06,-,-,-,0.65,-
28-Aug-06,-,-,-,0.65,-
27-Aug-06,-,-,-,0.66,-
26-Aug-06,-,-,-,0.66,-
25-Aug-06,-,-,-,0.67,-
24-Aug-06,-,-,-,0.67,-
23-Aug-06,-,-,-,0.67,-
22-Aug-06,-,-,-,0.67,-
21-Aug-06,-,-,-,0.67,-
20-Aug-06,-,-,-,0.67,-
19-Aug-06,-,-,-,0.67,-
18-Aug-06,-,-,-,0.67,-
17-Aug-06,-,-,-,0.67,-
16-Aug-06,-,-,-,0.67,-
15-Aug-06,-,-,-,0.68,-
14-Aug-06,-,-,-,0.68,-
13-Aug-06,-,-,-,0.68,-
12-Aug-06,-,-,-,0.68,-
11-Aug-06,-,-,-,0.68,-
10-Aug-06,-,-,-,0.68,-
9-Aug-06,-,-,-,0.68,-
8-Aug-06,-,-,-,0.68,-
7-Aug-06,-,-,-,0.68,-
6-Aug-06,-,-,-,0.68,-
5-Aug-06,-,-,-,0.68,-
4-Aug-06,-,-,-,0.69,-
3-Aug-06,-,-,-,0.69,-
2-Aug-06,-,-,-,0.69,-
1-Aug-06,-,-,-,0.68,-
31-Jul-06,-,-,-,0.68,-
30-Jul-06,-,-,-,0.69,-
29-Jul-06,-,-,-,0.68,-
28-Jul-06,-,-,-,0.67,-
27-Jul-06,-,-,-,0.67,-
26-Jul-06,-,-,-,0.67,-
25-Jul-06,-,-,-,0.67,-
24-Jul-06,-,-,-,0.67,-
23-Jul-06,-,-,-,0.68,-
22-Jul-06,-,-,-,0.68,-
21-Jul-06,-,-,-,0.67,-
20-Jul-06,-,-,-,0.67,-
19-Jul-06,-,-,-,0.67,-
18-Jul-06,-,-,-,0.67,-
17-Jul-06,-,-,-,0.66,-
16-Jul-06,-,-,-,0.66,-
15-Jul-06,-,-,-,0.66,-
14-Jul-06,-,-,-,0.66,-
13-Jul-06,-,-,-,0.66,-
12-Jul-06,-,-,-,0.67,-
11-Jul-06,-,-,-,0.67,-
10-Jul-06,-,-,-,0.69,-
9-Jul-06,-,-,-,0.70,-
8-Jul-06,-,-,-,0.70,-
7-Jul-06,-,-,-,0.70,-
6-Jul-06,-,-,-,0.70,-
5-Jul-06,-,-,-,0.69,-
4-Jul-06,-,-,-,0.68,-
3-Jul-06,-,-,-,0.67,-
2-Jul-06,-,-,-,0.65,-
1-Jul-06,-,-,-,0.65,-
30-Jun-06,-,-,-,0.65,-
29-Jun-06,-,-,-,0.65,-
28-Jun-06,-,-,-,0.65,-
27-Jun-06,-,-,-,0.65,-
26-Jun-06,-,-,-,0.65,-
25-Jun-06,-,-,-,0.65,-
24-Jun-06,-,-,-,0.65,-
23-Jun-06,-,-,-,0.64,-
22-Jun-06,-,-,-,0.64,-
21-Jun-06,-,-,-,0.64,-
20-Jun-06,-,-,-,0.63,-
19-Jun-06,-,-,-,0.63,-
18-Jun-06,-,-,-,0.63,-
17-Jun-06,-,-,-,0.63,-
16-Jun-06,-,-,-,0.63,-
15-Jun-06,-,-,-,0.63,-
14-Jun-06,-,-,-,0.63,-
13-Jun-06,-,-,-,0.63,-
12-Jun-06,-,-,-,0.63,-
11-Jun-06,-,-,-,0.63,-
10-Jun-06,-,-,-,0.62,-
9-Jun-06,-,-,-,0.62,-
8-Jun-06,-,-,-,0.62,-
7-Jun-06,-,-,-,0.62,-
6-Jun-06,-,-,-,0.63,-
5-Jun-06,-,-,-,0.63,-
4-Jun-06,-,-,-,0.65,-
3-Jun-06,-,-,-,0.66,-
2-Jun-06,-,-,-,0.66,-
1-Jun-06,-,-,-,0.66,-
31-May-06,-,-,-,0.65,-
30-May-06,-,-,-,0.65,-
29-May-06,-,-,-,0.63,-
28-May-06,-,-,-,0.62,-
27-May-06,-,-,-,0.62,-
26-May-06,-,-,-,0.62,-
25-May-06,-,-,-,0.62,-
24-May-06,-,-,-,0.62,-
23-May-06,-,-,-,0.62,-
22-May-06,-,-,-,0.62,-
21-May-06,-,-,-,0.62,-
20-May-06,-,-,-,0.61,-
19-May-06,-,-,-,0.61,-
18-May-06,-,-,-,0.61,-
17-May-06,-,-,-,0.61,-
16-May-06,-,-,-,0.61,-
15-May-06,-,-,-,0.60,-
14-May-06,-,-,-,0.60,-
13-May-06,-,-,-,0.62,-
12-May-06,-,-,-,0.61,-
11-May-06,-,-,-,0.61,-
10-May-06,-,-,-,0.61,-
9-May-06,-,-,-,0.61,-
8-May-06,-,-,-,0.61,-
7-May-06,-,-,-,0.60,-
6-May-06,-,-,-,0.60,-
5-May-06,-,-,-,0.59,-
4-May-06,-,-,-,0.59,-
3-May-06,-,-,-,0.58,-
2-May-06,-,-,-,0.58,-
1-May-06,-,-,-,0.58,-
30-Apr-06,-,-,-,0.59,-
29-Apr-06,-,-,-,0.59,-
28-Apr-06,-,-,-,0.60,-
27-Apr-06,-,-,-,0.60,-
26-Apr-06,-,-,-,0.60,-
25-Apr-06,-,-,-,0.61,-
24-Apr-06,-,-,-,0.61,-
23-Apr-06,-,-,-,0.60,-
22-Apr-06,-,-,-,0.59,-
21-Apr-06,-,-,-,0.59,-
20-Apr-06,-,-,-,0.59,-
19-Apr-06,-,-,-,0.59,-
18-Apr-06,-,-,-,0.59,-
17-Apr-06,-,-,-,0.59,-
16-Apr-06,-,-,-,0.59,-
15-Apr-06,-,-,-,0.59,-
14-Apr-06,-,-,-,0.59,-
13-Apr-06,-,-,-,0.59,-
12-Apr-06,-,-,-,0.59,-
11-Apr-06,-,-,-,0.59,-
10-Apr-06,-,-,-,0.59,-
9-Apr-06,-,-,-,0.59,-
8-Apr-06,-,-,-,0.60,-
7-Apr-06,-,-,-,0.60,-
6-Apr-06,-,-,-,0.60,-
5-Apr-06,-,-,-,0.60,-
4-Apr-06,-,-,-,0.61,-
3-Apr-06,-,-,-,0.61,-
2-Apr-06,-,-,-,0.62,-
1-Apr-06,-,-,-,0.62,-
31-Mar-06,-,-,-,0.63,-
30-Mar-06,-,-,-,0.63,-
29-Mar-06,-,-,-,0.64,-
28-Mar-06,-,-,-,0.64,-
27-Mar-06,-,-,-,0.64,-
26-Mar-06,-,-,-,0.64,-
25-Mar-06,-,-,-,0.65,-
24-Mar-06,-,-,-,0.65,-
23-Mar-06,-,-,-,0.64,-
22-Mar-06,-,-,-,0.64,-
21-Mar-06,-,-,-,0.64,-
20-Mar-06,-,-,-,0.63,-
19-Mar-06,-,-,-,0.64,-
18-Mar-06,-,-,-,0.63,-
17-Mar-06,-,-,-,0.63,-
16-Mar-06,-,-,-,0.63,-
15-Mar-06,-,-,-,0.63,-
14-Mar-06,-,-,-,0.63,-
13-Mar-06,-,-,-,0.64,-
12-Mar-06,-,-,-,0.64,-
11-Mar-06,-,-,-,0.64,-
10-Mar-06,-,-,-,0.64,-
9-Mar-06,-,-,-,0.64,-
8-Mar-06,-,-,-,0.64,-
7-Mar-06,-,-,-,0.64,-
6-Mar-06,-,-,-,0.64,-
5-Mar-06,-,-,-,0.64,-
4-Mar-06,-,-,-,0.64,-
3-Mar-06,-,-,-,0.63,-
2-Mar-06,-,-,-,0.63,-
1-Mar-06,-,-,-,0.63,-
28-Feb-06,-,-,-,0.64,-
27-Feb-06,-,-,-,0.64,-
26-Feb-06,-,-,-,0.64,-
25-Feb-06,-,-,-,0.65,-
24-Feb-06,-,-,-,0.65,-
23-Feb-06,-,-,-,0.65,-
22-Feb-06,-,-,-,0.65,-
21-Feb-06,-,-,-,0.65,-
20-Feb-06,-,-,-,0.64,-
19-Feb-06,-,-,-,0.62,-
18-Feb-06,-,-,-,0.61,-
17-Feb-06,-,-,-,0.61,-
16-Feb-06,-,-,-,0.61,-
15-Feb-06,-,-,-,0.61,-
14-Feb-06,-,-,-,0.61,-
13-Feb-06,-,-,-,0.62,-
12-Feb-06,-,-,-,0.62,-
11-Feb-06,-,-,-,0.62,-
10-Feb-06,-,-,-,0.63,-
9-Feb-06,-,-,-,0.63,-
8-Feb-06,-,-,-,0.63,-
7-Feb-06,-,-,-,0.64,-
6-Feb-06,-,-,-,0.63,-
5-Feb-06,-,-,-,0.63,-
4-Feb-06,-,-,-,0.64,-
3-Feb-06,-,-,-,0.64,-
2-Feb-06,-,-,-,0.64,-
1-Feb-06,-,-,-,0.64,-
31-Jan-06,-,-,-,0.64,-
30-Jan-06,-,-,-,0.65,-
29-Jan-06,-,-,-,0.65,-
28-Jan-06,-,-,-,0.66,-
27-Jan-06,-,-,-,0.66,-
26-Jan-06,-,-,-,0.66,-
25-Jan-06,-,-,-,0.66,-
24-Jan-06,-,-,-,0.66,-
23-Jan-06,-,-,-,0.66,-
22-Jan-06,-,-,-,0.68,-
21-Jan-06,-,-,-,0.68,-
20-Jan-06,-,-,-,0.68,-
19-Jan-06,-,-,-,0.68,-
18-Jan-06,-,-,-,0.69,-
17-Jan-06,-,-,-,0.69,-
16-Jan-06,-,-,-,0.69,-
15-Jan-06,-,-,-,0.68,-
14-Jan-06,-,-,-,0.68,-
13-Jan-06,-,-,-,0.69,-
12-Jan-06,-,-,-,0.69,-
11-Jan-06,-,-,-,0.69,-
10-Jan-06,-,-,-,0.71,-
9-Jan-06,-,-,-,0.72,-
8-Jan-06,-,-,-,0.74,-
7-Jan-06,-,-,-,0.75,-
6-Jan-06,-,-,-,0.75,-
5-Jan-06,-,-,-,0.77,-
4-Jan-06,-,-,-,0.79,-
3-Jan-06,-,-,-,0.81,-
2-Jan-06,-,-,-,0.83,-
1-Jan-06,-,-,-,0.84,-
31-Dec-05,-,-,-,0.83,-
30-Dec-05,-,-,-,0.83,-
29-Dec-05,-,-,-,0.82,-
28-Dec-05,-,-,-,0.81,-
27-Dec-05,-,-,-,0.80,-
26-Dec-05,-,-,-,0.78,-
25-Dec-05,-,-,-,0.76,-
24-Dec-05,-,-,-,0.78,-
23-Dec-05,-,-,-,0.79,-
22-Dec-05,-,-,-,0.79,-
21-Dec-05,-,-,-,0.79,-
20-Dec-05,-,-,-,0.79,-
19-Dec-05,-,-,-,0.79,-
18-Dec-05,-,-,-,0.79,-
17-Dec-05,-,-,-,0.79,-
16-Dec-05,-,-,-,0.79,-
15-Dec-05,-,-,-,0.80,-
14-Dec-05,-,-,-,0.81,-
13-Dec-05,-,-,-,0.80,-
12-Dec-05,-,-,-,0.80,-
11-Dec-05,-,-,-,0.79,-
10-Dec-05,-,-,-,0.79,-
9-Dec-05,-,-,-,0.78,-
8-Dec-05,-,-,-,0.77,-
7-Dec-05,-,-,-,0.77,-
6-Dec-05,-,-,-,0.77,-
5-Dec-05,-,-,-,0.77,-
4-Dec-05,-,-,-,0.78,-
3-Dec-05,-,-,-,0.80,-
2-Dec-05,-,-,-,0.81,-
1-Dec-05,-,-,-,0.84,-
30-Nov-05,-,-,-,0.87,-
29-Nov-05,-,-,-,0.87,-
28-Nov-05,-,-,-,0.86,-
27-Nov-05,-,-,-,0.85,-
26-Nov-05,-,-,-,0.83,-
25-Nov-05,-,-,-,0.81,-
24-Nov-05,-,-,-,0.78,-
23-Nov-05,-,-,-,0.74,-
22-Nov-05,-,-,-,0.73,-
21-Nov-05,-,-,-,0.73,-
20-Nov-05,-,-,-,0.73,-
19-Nov-05,-,-,-,0.72,-
18-Nov-05,-,-,-,0.72,-
17-Nov-05,-,-,-,0.72,-
16-Nov-05,-,-,-,0.72,-
15-Nov-05,-,-,-,0.71,-
14-Nov-05,-,-,-,0.71,-
13-Nov-05,-,-,-,0.71,-
12-Nov-05,-,-,-,0.70,-
11-Nov-05,-,-,-,0.69,-
10-Nov-05,-,-,-,0.69,-
9-Nov-05,-,-,-,0.68,-
8-Nov-05,-,-,-,0.69,-
7-Nov-05,-,-,-,0.69,-
6-Nov-05,-,-,-,0.68,-
5-Nov-05,-,-,-,0.68,-
4-Nov-05,-,-,-,0.68,-
3-Nov-05,-,-,-,0.68,-
2-Nov-05,-,-,-,0.68,-
1-Nov-05,-,-,-,0.68,-
31-Oct-05,-,-,-,0.68,-
30-Oct-05,-,-,-,0.68,-
29-Oct-05,-,-,-,0.68,-
28-Oct-05,-,-,-,0.67,-
27-Oct-05,-,-,-,0.66,-
26-Oct-05,-,-,-,0.66,-
25-Oct-05,-,-,-,0.65,-
24-Oct-05,-,-,-,0.65,-
23-Oct-05,-,-,-,0.65,-
22-Oct-05,-,-,-,0.64,-
21-Oct-05,-,-,-,0.64,-
20-Oct-05,-,-,-,0.65,-
19-Oct-05,-,-,-,0.65,-
18-Oct-05,-,-,-,0.65,-
17-Oct-05,-,-,-,0.66,-
16-Oct-05,-,-,-,0.67,-
15-Oct-05,-,-,-,0.68,-
14-Oct-05,-,-,-,0.68,-
13-Oct-05,-,-,-,0.68,-
12-Oct-05,-,-,-,0.68,-
11-Oct-05,-,-,-,0.68,-
10-Oct-05,-,-,-,0.68,-
9-Oct-05,-,-,-,0.67,-
8-Oct-05,-,-,-,0.66,-
7-Oct-05,-,-,-,0.65,-
6-Oct-05,-,-,-,0.65,-
5-Oct-05,-,-,-,0.65,-
4-Oct-05,-,-,-,0.65,-
3-Oct-05,-,-,-,0.65,-
2-Oct-05,-,-,-,0.65,-
1-Oct-05,-,-,-,0.65,-
30-Sep-05,-,-,-,0.65,-
29-Sep-05,-,-,-,0.65,-
28-Sep-05,-,-,-,0.64,-
27-Sep-05,-,-,-,0.64,-
26-Sep-05,-,-,-,0.64,-
25-Sep-05,-,-,-,0.64,-
24-Sep-05,-,-,-,0.64,-
23-Sep-05,-,-,-,0.64,-
22-Sep-05,-,-,-,0.65,-
21-Sep-05,-,-,-,0.65,-
20-Sep-05,-,-,-,0.65,-
19-Sep-05,-,-,-,0.65,-
18-Sep-05,-,-,-,0.65,-
17-Sep-05,-,-,-,0.64,-
16-Sep-05,-,-,-,0.64,-
15-Sep-05,-,-,-,0.64,-
14-Sep-05,-,-,-,0.64,-
13-Sep-05,-,-,-,0.64,-
12-Sep-05,-,-,-,0.65,-
11-Sep-05,-,-,-,0.66,-
10-Sep-05,-,-,-,0.67,-
9-Sep-05,-,-,-,0.67,-
8-Sep-05,-,-,-,0.67,-
7-Sep-05,-,-,-,0.67,-
6-Sep-05,-,-,-,0.67,-
5-Sep-05,-,-,-,0.67,-
4-Sep-05,-,-,-,0.66,-
3-Sep-05,-,-,-,0.66,-
2-Sep-05,-,-,-,0.66,-
1-Sep-05,-,-,-,0.66,-
31-Aug-05,-,-,-,0.67,-
30-Aug-05,-,-,-,0.67,-
29-Aug-05,-,-,-,0.68,-
28-Aug-05,-,-,-,0.68,-
27-Aug-05,-,-,-,0.69,-
26-Aug-05,-,-,-,0.70,-
25-Aug-05,-,-,-,0.70,-
24-Aug-05,-,-,-,0.71,-
23-Aug-05,-,-,-,0.72,-
22-Aug-05,-,-,-,0.71,-
21-Aug-05,-,-,-,0.72,-
20-Aug-05,-,-,-,0.72,-
19-Aug-05,-,-,-,0.72,-
18-Aug-05,-,-,-,0.72,-
17-Aug-05,-,-,-,0.72,-
16-Aug-05,-,-,-,0.72,-
15-Aug-05,-,-,-,0.72,-
14-Aug-05,-,-,-,0.71,-
13-Aug-05,-,-,-,0.71,-
12-Aug-05,-,-,-,0.71,-
11-Aug-05,-,-,-,0.71,-
10-Aug-05,-,-,-,0.71,-
9-Aug-05,-,-,-,0.71,-
8-Aug-05,-,-,-,0.71,-
7-Aug-05,-,-,-,0.71,-
6-Aug-05,-,-,-,0.71,-
5-Aug-05,-,-,-,0.71,-
4-Aug-05,-,-,-,0.71,-
3-Aug-05,-,-,-,0.70,-
2-Aug-05,-,-,-,0.70,-
1-Aug-05,-,-,-,0.70,-
31-Jul-05,-,-,-,0.71,-
30-Jul-05,-,-,-,0.70,-
29-Jul-05,-,-,-,0.70,-
28-Jul-05,-,-,-,0.70,-
27-Jul-05,-,-,-,0.70,-
26-Jul-05,-,-,-,0.70,-
25-Jul-05,-,-,-,0.70,-
24-Jul-05,-,-,-,0.70,-
23-Jul-05,-,-,-,0.70,-
22-Jul-05,-,-,-,0.70,-
21-Jul-05,-,-,-,0.70,-
20-Jul-05,-,-,-,0.69,-
19-Jul-05,-,-,-,0.69,-
18-Jul-05,-,-,-,0.68,-
17-Jul-05,-,-,-,0.68,-
16-Jul-05,-,-,-,0.68,-
15-Jul-05,-,-,-,0.67,-
14-Jul-05,-,-,-,0.67,-
13-Jul-05,-,-,-,0.68,-
12-Jul-05,-,-,-,0.68,-
11-Jul-05,-,-,-,0.69,-
10-Jul-05,-,-,-,0.70,-
9-Jul-05,-,-,-,0.69,-
8-Jul-05,-,-,-,0.69,-
7-Jul-05,-,-,-,0.69,-
6-Jul-05,-,-,-,0.69,-
5-Jul-05,-,-,-,0.69,-
4-Jul-05,-,-,-,0.68,-
3-Jul-05,-,-,-,0.67,-
2-Jul-05,-,-,-,0.67,-
1-Jul-05,-,-,-,0.68,-
30-Jun-05,-,-,-,0.68,-
29-Jun-05,-,-,-,0.67,-
28-Jun-05,-,-,-,0.67,-
27-Jun-05,-,-,-,0.67,-
26-Jun-05,-,-,-,0.67,-
25-Jun-05,-,-,-,0.66,-
24-Jun-05,-,-,-,0.66,-
23-Jun-05,-,-,-,0.66,-
22-Jun-05,-,-,-,0.66,-
21-Jun-05,-,-,-,0.66,-
20-Jun-05,-,-,-,0.67,-
19-Jun-05,-,-,-,0.67,-
18-Jun-05,-,-,-,0.68,-
17-Jun-05,-,-,-,0.69,-
16-Jun-05,-,-,-,0.68,-
15-Jun-05,-,-,-,0.68,-
14-Jun-05,-,-,-,0.68,-
13-Jun-05,-,-,-,0.67,-
12-Jun-05,-,-,-,0.67,-
11-Jun-05,-,-,-,0.67,-
10-Jun-05,-,-,-,0.66,-
9-Jun-05,-,-,-,0.66,-
8-Jun-05,-,-,-,0.66,-
7-Jun-05,-,-,-,0.66,-
6-Jun-05,-,-,-,0.66,-
5-Jun-05,-,-,-,0.67,-
4-Jun-05,-,-,-,0.68,-
3-Jun-05,-,-,-,0.68,-
2-Jun-05,-,-,-,0.68,-
1-Jun-05,-,-,-,0.67,-
31-May-05,-,-,-,0.67,-
30-May-05,-,-,-,0.67,-
29-May-05,-,-,-,0.65,-
28-May-05,-,-,-,0.65,-
27-May-05,-,-,-,0.64,-
26-May-05,-,-,-,0.64,-
25-May-05,-,-,-,0.64,-
24-May-05,-,-,-,0.64,-
23-May-05,-,-,-,0.64,-
22-May-05,-,-,-,0.63,-
21-May-05,-,-,-,0.62,-
20-May-05,-,-,-,0.62,-
19-May-05,-,-,-,0.62,-
18-May-05,-,-,-,0.62,-
17-May-05,-,-,-,0.63,-
16-May-05,-,-,-,0.63,-
15-May-05,-,-,-,0.63,-
14-May-05,-,-,-,0.63,-
13-May-05,-,-,-,0.63,-
12-May-05,-,-,-,0.62,-
11-May-05,-,-,-,0.63,-
10-May-05,-,-,-,0.62,-
9-May-05,-,-,-,0.62,-
8-May-05,-,-,-,0.62,-
7-May-05,-,-,-,0.63,-
6-May-05,-,-,-,0.64,-
5-May-05,-,-,-,0.63,-
4-May-05,-,-,-,0.64,-
3-May-05,-,-,-,0.64,-
2-May-05,-,-,-,0.64,-
1-May-05,-,-,-,0.64,-
30-Apr-05,-,-,-,0.64,-
29-Apr-05,-,-,-,0.64,-
